target,model,actual_overrun_pct,predicted_overrun_pct,actual_risk_category,predicted_risk_category
cost_overrun_pct,linear_regression,0.16272598243756725,0.16566203165272592,high_risk,high_risk
cost_overrun_pct,linear_regression,0.14082869983520976,0.15491306896852775,moderate_risk,high_risk
cost_overrun_pct,linear_regression,0.21371240402081712,0.167504680082504,high_risk,high_risk
cost_overrun_pct,linear_regression,0.14471273615475821,0.16206011631660994,moderate_risk,high_risk
cost_overrun_pct,linear_regression,0.17700848403129338,0.15320583825408518,high_risk,high_risk
cost_overrun_pct,linear_regression,0.21291367869462796,0.19425119013061656,high_risk,high_risk
cost_overrun_pct,linear_regression,0.16507245610573001,0.17461619616852314,high_risk,high_risk
cost_overrun_pct,linear_regression,0.2251006079045269,0.23570717469268143,high_risk,high_risk
cost_overrun_pct,linear_regression,0.16316801560801955,0.16402727121815575,high_risk,high_risk
cost_overrun_pct,linear_regression,0.17106739327205187,0.15269108843004098,high_risk,high_risk
cost_overrun_pct,linear_regression,0.19616931119062567,0.20667948153308408,high_risk,high_risk
cost_overrun_pct,linear_regression,-0.0929937170657014,-0.06282075552727268,low_risk,low_risk
cost_overrun_pct,linear_regression,-0.0996121058216641,-0.09947820129208032,low_risk,low_risk
cost_overrun_pct,linear_regression,-0.04223365804055028,-0.01090646564435439,low_risk,low_risk
cost_overrun_pct,linear_regression,0.01947945834611531,-0.03445531346273712,low_risk,low_risk
cost_overrun_pct,linear_regression,-0.055985350957461426,-0.07718534774073284,low_risk,low_risk
cost_overrun_pct,linear_regression,-0.15,-0.1589118356631157,low_risk,low_risk
cost_overrun_pct,linear_regression,-0.01648019365411625,0.0009066182427734243,low_risk,low_risk
cost_overrun_pct,linear_regression,0.0762564721176738,0.01710495316246559,moderate_risk,low_risk
cost_overrun_pct,linear_regression,-0.04156511065355336,-0.028884204930654488,low_risk,low_risk
cost_overrun_pct,linear_regression,-0.039882933169204396,-0.04284573499272718,low_risk,low_risk
cost_overrun_pct,linear_regression,-0.1250819081783547,-0.05715797327719574,low_risk,low_risk
cost_overrun_pct,linear_regression,-0.012457378221048618,-0.06048177852361747,low_risk,low_risk
cost_overrun_pct,linear_regression,-0.10700055385332298,-0.04039518893930023,low_risk,low_risk
cost_overrun_pct,linear_regression,-0.016855068020052367,-0.0014998955976180985,low_risk,low_risk
cost_overrun_pct,linear_regression,-0.06266909507874943,-0.049331723718524984,low_risk,low_risk
cost_overrun_pct,linear_regression,0.06995703642433614,0.0324621022744689,moderate_risk,low_risk
cost_overrun_pct,linear_regression,-0.12735544881499203,-0.10720773368200084,low_risk,low_risk
cost_overrun_pct,linear_regression,-0.0024819925912341607,0.008032054922921406,low_risk,low_risk
cost_overrun_pct,linear_regression,0.0013275041432013967,0.0010845165002559935,low_risk,low_risk
cost_overrun_pct,linear_regression,-0.030547956496764943,-0.04881867380221859,low_risk,low_risk
cost_overrun_pct,linear_regression,-0.02411551197574048,-0.04015339208223865,low_risk,low_risk
cost_overrun_pct,linear_regression,-0.02675915979407892,-0.024083210913757,low_risk,low_risk
cost_overrun_pct,linear_regression,-0.023972723806143202,-0.10366204194460826,low_risk,low_risk
cost_overrun_pct,linear_regression,-0.15,-0.20413053716743723,low_risk,low_risk
cost_overrun_pct,linear_regression,-0.04185783801593773,-0.006962344943030767,low_risk,low_risk
cost_overrun_pct,linear_regression,-0.12626105409178717,-0.09341408967459067,low_risk,low_risk
cost_overrun_pct,linear_regression,-0.011013953682054245,-0.021623825683608253,low_risk,low_risk
cost_overrun_pct,linear_regression,-0.09721586174676941,-0.09125594680388269,low_risk,low_risk
cost_overrun_pct,linear_regression,-0.09380570466095892,-0.074413808083548,low_risk,low_risk
cost_overrun_pct,linear_regression,-0.011492545644074377,0.01541464277606288,low_risk,low_risk
cost_overrun_pct,linear_regression,0.022639565830212822,0.028011367876752465,low_risk,low_risk
cost_overrun_pct,linear_regression,-0.1488631493391288,-0.13249700328222863,low_risk,low_risk
cost_overrun_pct,linear_regression,-0.0588874077074795,-0.04393337628651512,low_risk,low_risk
cost_overrun_pct,linear_regression,0.012944483721977155,0.037528132345784074,low_risk,low_risk
cost_overrun_pct,linear_regression,-0.015481531318273933,-0.03716828269598319,low_risk,low_risk
cost_overrun_pct,linear_regression,0.018629133997107198,0.03924849102908194,low_risk,low_risk
cost_overrun_pct,linear_regression,-0.030789092656433766,-0.022163134768389582,low_risk,low_risk
cost_overrun_pct,linear_regression,-0.013757048897796031,0.01179688517491765,low_risk,low_risk
cost_overrun_pct,linear_regression,-0.1016250455328822,-0.06723032448682059,low_risk,low_risk
cost_overrun_pct,linear_regression,-0.0662405242358089,-0.0858878722009771,low_risk,low_risk
cost_overrun_pct,linear_regression,-0.06075400587584279,-0.02643252222328132,low_risk,low_risk
cost_overrun_pct,linear_regression,-0.071103245496656,-0.08629038639340661,low_risk,low_risk
cost_overrun_pct,linear_regression,-0.02425416250437331,-0.012637799476972184,low_risk,low_risk
cost_overrun_pct,linear_regression,-0.10313337101064882,-0.09115396742040552,low_risk,low_risk
cost_overrun_pct,linear_regression,-0.0031886603648541094,-0.01304512866315815,low_risk,low_risk
cost_overrun_pct,linear_regression,-0.05498969671485577,-0.018549715402145235,low_risk,low_risk
cost_overrun_pct,linear_regression,-0.08953842721929593,-0.1330686723979782,low_risk,low_risk
cost_overrun_pct,linear_regression,-0.030527941413904337,0.0002080074474644228,low_risk,low_risk
cost_overrun_pct,linear_regression,-0.036106857210447416,-0.03555143578363187,low_risk,low_risk
cost_overrun_pct,linear_regression,-0.03000160019144392,-0.022928274048385246,low_risk,low_risk
cost_overrun_pct,linear_regression,-0.11298651350103361,-0.11190075126385582,low_risk,low_risk
cost_overrun_pct,linear_regression,-0.15000000000000002,-0.14472574032743876,low_risk,low_risk
cost_overrun_pct,linear_regression,0.025373569901915815,-0.008023853152515168,low_risk,low_risk
cost_overrun_pct,linear_regression,-0.03788066972945157,-0.05114523099740416,low_risk,low_risk
cost_overrun_pct,linear_regression,-0.08493603081700403,-0.1129641941811983,low_risk,low_risk
cost_overrun_pct,linear_regression,-0.0015286825274714697,-0.05932860375244964,low_risk,low_risk
cost_overrun_pct,linear_regression,0.02451458146412552,0.039593672497226964,low_risk,low_risk
cost_overrun_pct,linear_regression,-0.09826596849051654,-0.09113273439901881,low_risk,low_risk
cost_overrun_pct,linear_regression,-0.12184358900739586,-0.09275807108434914,low_risk,low_risk
cost_overrun_pct,linear_regression,-0.05760383255368264,-0.033029137588885135,low_risk,low_risk
cost_overrun_pct,linear_regression,-0.09774000086444035,-0.11710882706145753,low_risk,low_risk
cost_overrun_pct,linear_regression,-0.15,-0.1684577345985851,low_risk,low_risk
cost_overrun_pct,linear_regression,0.02649533996629225,0.009940902199003739,low_risk,low_risk
cost_overrun_pct,linear_regression,0.01623887898886947,0.04491469042375761,low_risk,low_risk
cost_overrun_pct,linear_regression,-0.008595704734338915,-0.011111035135753108,low_risk,low_risk
cost_overrun_pct,linear_regression,-0.07250324487167538,-0.05683263904505762,low_risk,low_risk
cost_overrun_pct,linear_regression,0.027639229522975012,-0.004302497411915646,low_risk,low_risk
cost_overrun_pct,linear_regression,0.027131661152996842,0.042180720681195105,low_risk,low_risk
cost_overrun_pct,linear_regression,-0.12339153096809446,-0.10838736876035229,low_risk,low_risk
cost_overrun_pct,linear_regression,-0.0538027798052661,-0.01634356533314211,low_risk,low_risk
cost_overrun_pct,linear_regression,-0.006405167179543913,0.005178087737407536,low_risk,low_risk
cost_overrun_pct,linear_regression,0.10835133439048934,0.04249237374648511,moderate_risk,low_risk
cost_overrun_pct,linear_regression,-0.08923995515007893,-0.06025757154601009,low_risk,low_risk
cost_overrun_pct,linear_regression,-0.0912905354035152,-0.07924249430142527,low_risk,low_risk
cost_overrun_pct,linear_regression,-0.15000000000000005,-0.18600741731275897,low_risk,low_risk
cost_overrun_pct,linear_regression,-0.03966270108944423,-0.03973897766994414,low_risk,low_risk
cost_overrun_pct,linear_regression,-0.04441501684892817,-0.08486786756410125,low_risk,low_risk
cost_overrun_pct,linear_regression,-0.06689665681359762,-0.07810327515443177,low_risk,low_risk
cost_overrun_pct,linear_regression,-0.13336442796518538,-0.12412262790696496,low_risk,low_risk
cost_overrun_pct,linear_regression,0.044949917172596485,0.020698976377922382,low_risk,low_risk
cost_overrun_pct,linear_regression,-0.09116012923797642,-0.0535684947284528,low_risk,low_risk
cost_overrun_pct,linear_regression,-0.036151290303886335,-0.014207044629477309,low_risk,low_risk
cost_overrun_pct,linear_regression,0.043251967182361836,0.024203625663962558,low_risk,low_risk
cost_overrun_pct,linear_regression,-0.10467406914938343,-0.12443403742426604,low_risk,low_risk
cost_overrun_pct,linear_regression,-0.15,-0.17532411187952973,low_risk,low_risk
cost_overrun_pct,linear_regression,-0.09664060664439647,-0.06981359316554524,low_risk,low_risk
cost_overrun_pct,linear_regression,-0.05029938216221735,-0.047418681898882466,low_risk,low_risk
cost_overrun_pct,linear_regression,-0.10650709733248666,-0.11130751245210391,low_risk,low_risk
cost_overrun_pct,linear_regression,-0.10056368238454233,-0.06930834013602147,low_risk,low_risk
cost_overrun_pct,linear_regression,-0.09145566565282402,-0.06773548671932367,low_risk,low_risk
cost_overrun_pct,linear_regression,0.024842257672728865,0.04061169599684569,low_risk,low_risk
cost_overrun_pct,linear_regression,-0.0862821833580624,-0.06928496481706611,low_risk,low_risk
cost_overrun_pct,linear_regression,-0.07779651308990335,-0.055655051512172496,low_risk,low_risk
cost_overrun_pct,linear_regression,-0.12269522541811108,-0.09554087497504082,low_risk,low_risk
cost_overrun_pct,linear_regression,-0.08095995938411255,-0.08121580483142293,low_risk,low_risk
cost_overrun_pct,linear_regression,-0.050356923053954866,-0.03721248885550923,low_risk,low_risk
cost_overrun_pct,linear_regression,-0.14603051577608073,-0.13309362837401068,low_risk,low_risk
cost_overrun_pct,linear_regression,-0.10760267084297584,-0.08222314434717973,low_risk,low_risk
cost_overrun_pct,linear_regression,-0.12187281728513191,-0.09064776158849461,low_risk,low_risk
cost_overrun_pct,linear_regression,-0.14999999999999997,-0.14741418748638657,low_risk,low_risk
cost_overrun_pct,linear_regression,-0.11144742730815702,-0.11861624971518311,low_risk,low_risk
cost_overrun_pct,linear_regression,-0.0609004763175262,-0.057223366617836204,low_risk,low_risk
cost_overrun_pct,linear_regression,-0.08817982390499277,-0.07459268112744674,low_risk,low_risk
cost_overrun_pct,linear_regression,0.0011716607714560166,0.0018997835673019506,low_risk,low_risk
cost_overrun_pct,linear_regression,-0.008943059462295087,0.011906751393780984,low_risk,low_risk
cost_overrun_pct,linear_regression,0.019613787252610072,0.0011590670870155056,low_risk,low_risk
cost_overrun_pct,linear_regression,-0.11171538450629521,-0.10856138281054462,low_risk,low_risk
cost_overrun_pct,linear_regression,-0.005781610835825933,0.003843255698427639,low_risk,low_risk
cost_overrun_pct,linear_regression,-0.06816426237876101,-0.0779068042876258,low_risk,low_risk
cost_overrun_pct,linear_regression,-0.019890529288033785,0.014415275507570293,low_risk,low_risk
cost_overrun_pct,linear_regression,-0.051467631063761135,-0.06908242781813817,low_risk,low_risk
cost_overrun_pct,linear_regression,-0.05273037616814833,-0.05959276605195986,low_risk,low_risk
cost_overrun_pct,linear_regression,-0.016304399827664705,-0.022522073410975417,low_risk,low_risk
cost_overrun_pct,linear_regression,0.023854937183808114,0.03130507020265054,low_risk,low_risk
cost_overrun_pct,linear_regression,-0.15000000000000008,-0.16430387423721496,low_risk,low_risk
cost_overrun_pct,linear_regression,-0.15000000000000008,-0.13420135557565846,low_risk,low_risk
cost_overrun_pct,linear_regression,-0.08023354096162488,-0.08561187257709002,low_risk,low_risk
cost_overrun_pct,linear_regression,-0.14974325394332355,-0.15565697165625048,low_risk,low_risk
cost_overrun_pct,linear_regression,-0.09568588086203517,-0.07964440802720524,low_risk,low_risk
cost_overrun_pct,linear_regression,-0.03812200325426221,-0.0280975884334216,low_risk,low_risk
cost_overrun_pct,linear_regression,-0.15000000000000002,-0.18255258284821113,low_risk,low_risk
cost_overrun_pct,linear_regression,-0.028403811285651955,-0.025880602525005597,low_risk,low_risk
cost_overrun_pct,linear_regression,-0.015494746513506411,-0.03220341402064534,low_risk,low_risk
cost_overrun_pct,linear_regression,0.020572398788003935,-0.012255711204519366,low_risk,low_risk
cost_overrun_pct,linear_regression,-0.08687027554354074,-0.06738135889356392,low_risk,low_risk
cost_overrun_pct,linear_regression,-0.013901996084411705,-0.009806206694513538,low_risk,low_risk
cost_overrun_pct,linear_regression,-0.14193381508208272,-0.14601396965612762,low_risk,low_risk
cost_overrun_pct,linear_regression,-0.12297750952534295,-0.08545181996860396,low_risk,low_risk
cost_overrun_pct,linear_regression,-0.05737603554776031,-0.0721367710862878,low_risk,low_risk
cost_overrun_pct,linear_regression,-0.0695160068311877,-0.08164617674098651,low_risk,low_risk
cost_overrun_pct,linear_regression,-0.07389851217568542,-0.08727704305771081,low_risk,low_risk
cost_overrun_pct,linear_regression,-0.06984289632646952,-0.048544931884681654,low_risk,low_risk
cost_overrun_pct,linear_regression,-0.14200337311065844,-0.12547553950039034,low_risk,low_risk
cost_overrun_pct,linear_regression,-0.08783238660191992,-0.0916561029861819,low_risk,low_risk
cost_overrun_pct,linear_regression,-0.02536323204618463,-0.040951610579591145,low_risk,low_risk
cost_overrun_pct,linear_regression,-0.008401048922528439,0.018809409456108532,low_risk,low_risk
cost_overrun_pct,linear_regression,-0.047915995955469366,-0.019265136909362213,low_risk,low_risk
cost_overrun_pct,linear_regression,-0.06390090255086818,-0.0626452844438361,low_risk,low_risk
cost_overrun_pct,linear_regression,-0.07904965750058632,-0.09814505183738698,low_risk,low_risk
cost_overrun_pct,linear_regression,-0.0897334089943686,-0.07650629334117233,low_risk,low_risk
cost_overrun_pct,linear_regression,-0.10234753058772392,-0.09783781565476318,low_risk,low_risk
cost_overrun_pct,linear_regression,-0.05712372984123509,-0.046454885162233464,low_risk,low_risk
cost_overrun_pct,linear_regression,0.05996211741677543,0.022793161669139465,moderate_risk,low_risk
cost_overrun_pct,linear_regression,-0.15000000000000005,-0.1397835747960286,low_risk,low_risk
cost_overrun_pct,linear_regression,-0.029480646177321122,-0.05065372399821533,low_risk,low_risk
cost_overrun_pct,linear_regression,-0.14999999999999997,-0.1382797893155697,low_risk,low_risk
cost_overrun_pct,linear_regression,-0.07630550078107662,-0.04159594386413218,low_risk,low_risk
cost_overrun_pct,linear_regression,-0.03439283883757019,-0.0424471984323879,low_risk,low_risk
cost_overrun_pct,linear_regression,0.0040381540111305595,0.037228952130589056,low_risk,low_risk
cost_overrun_pct,linear_regression,0.004636379732639172,0.01254406476116006,low_risk,low_risk
cost_overrun_pct,linear_regression,0.003046371438256848,-0.003561995766894869,low_risk,low_risk
cost_overrun_pct,linear_regression,-0.14254071676240013,-0.1268488010588643,low_risk,low_risk
cost_overrun_pct,linear_regression,-0.10846524026330316,-0.0887436271121351,low_risk,low_risk
cost_overrun_pct,linear_regression,-0.018585129216729297,0.016519459385135257,low_risk,low_risk
cost_overrun_pct,linear_regression,-0.10760919176556942,-0.06825306723300473,low_risk,low_risk
cost_overrun_pct,linear_regression,-0.11269934160861439,-0.11881711164075798,low_risk,low_risk
cost_overrun_pct,linear_regression,-0.11459507191723377,-0.11569991131802765,low_risk,low_risk
cost_overrun_pct,linear_regression,-0.029591827072780488,0.005040949351735772,low_risk,low_risk
cost_overrun_pct,linear_regression,-0.06636371813864092,-0.031730261954586336,low_risk,low_risk
cost_overrun_pct,linear_regression,-0.05152302562904418,-0.07852801736448037,low_risk,low_risk
cost_overrun_pct,linear_regression,-0.028597744422176847,-0.02450284685221587,low_risk,low_risk
cost_overrun_pct,linear_regression,-0.0494851931592782,-0.02890453733772517,low_risk,low_risk
cost_overrun_pct,linear_regression,-0.10748015368258859,-0.14204614581387423,low_risk,low_risk
cost_overrun_pct,linear_regression,-0.05655431420675299,-0.018063328104358043,low_risk,low_risk
cost_overrun_pct,linear_regression,-0.06205463822585781,-0.08349429254262908,low_risk,low_risk
cost_overrun_pct,linear_regression,-0.15,-0.17560368219682868,low_risk,low_risk
cost_overrun_pct,linear_regression,-0.12134796849534452,-0.11041017234179057,low_risk,low_risk
cost_overrun_pct,linear_regression,-0.030828066678316075,-0.02644702660805681,low_risk,low_risk
cost_overrun_pct,linear_regression,-0.11202455785370743,-0.07735773116050598,low_risk,low_risk
cost_overrun_pct,linear_regression,-0.018370089222234112,-0.008657053021594224,low_risk,low_risk
cost_overrun_pct,linear_regression,0.018037819462434122,-0.00372945077621388,low_risk,low_risk
cost_overrun_pct,linear_regression,-0.0539003081269394,-0.020583057130339366,low_risk,low_risk
cost_overrun_pct,linear_regression,-0.15000000000000008,-0.15990367550417148,low_risk,low_risk
cost_overrun_pct,linear_regression,-0.07354011531937471,-0.07487661399613539,low_risk,low_risk
cost_overrun_pct,linear_regression,0.044976231976075615,0.04156185477346973,low_risk,low_risk
cost_overrun_pct,linear_regression,-0.07914614259861774,-0.052372163409186885,low_risk,low_risk
cost_overrun_pct,linear_regression,-0.009832985241165437,0.0181506410336138,low_risk,low_risk
cost_overrun_pct,linear_regression,-0.10032413280752954,-0.08703541310669802,low_risk,low_risk
cost_overrun_pct,linear_regression,0.021173427891438546,0.04905763104575112,low_risk,low_risk
cost_overrun_pct,linear_regression,0.0011549742243306693,-0.024641835656031397,low_risk,low_risk
cost_overrun_pct,linear_regression,-0.1359146070144828,-0.1309098205778218,low_risk,low_risk
cost_overrun_pct,linear_regression,0.05972134267413653,0.017021383286725422,moderate_risk,low_risk
cost_overrun_pct,linear_regression,-0.1282430427860718,-0.07074657246840034,low_risk,low_risk
cost_overrun_pct,linear_regression,-0.15000000000000005,-0.14869591261790852,low_risk,low_risk
cost_overrun_pct,linear_regression,-0.018991138499442863,-0.003918494999885301,low_risk,low_risk
cost_overrun_pct,linear_regression,-0.038257699019669765,-0.08488718442636811,low_risk,low_risk
cost_overrun_pct,linear_regression,-0.15000000000000005,-0.13757456129272422,low_risk,low_risk
cost_overrun_pct,linear_regression,-0.03543924220689813,-0.03267293088648872,low_risk,low_risk
cost_overrun_pct,linear_regression,-0.0740366377780914,-0.055632725266482434,low_risk,low_risk
cost_overrun_pct,linear_regression,0.0019904121293468336,0.019114890604051783,low_risk,low_risk
cost_overrun_pct,linear_regression,-0.01033262245800616,0.016607139731495302,low_risk,low_risk
cost_overrun_pct,linear_regression,-0.11929785095859771,-0.10525385698455467,low_risk,low_risk
cost_overrun_pct,linear_regression,-0.03364024646865599,-0.03142780159435678,low_risk,low_risk
cost_overrun_pct,linear_regression,-0.09371132303530168,-0.07676117411670008,low_risk,low_risk
cost_overrun_pct,linear_regression,-0.04744049102456659,-0.07642730964222903,low_risk,low_risk
cost_overrun_pct,linear_regression,-0.034588645474164334,-0.054166869269625266,low_risk,low_risk
cost_overrun_pct,linear_regression,-0.09170412828065518,-0.07027104544392845,low_risk,low_risk
cost_overrun_pct,linear_regression,0.02523726742621182,-0.033780289153724045,low_risk,low_risk
cost_overrun_pct,linear_regression,-0.14351709321606573,-0.11668656843037972,low_risk,low_risk
cost_overrun_pct,linear_regression,0.03100785031468889,0.04059335982931153,low_risk,low_risk
cost_overrun_pct,linear_regression,0.004077536194285125,0.020786982719676973,low_risk,low_risk
cost_overrun_pct,linear_regression,0.04883721446109288,0.04700993931754311,low_risk,low_risk
cost_overrun_pct,linear_regression,-0.10621808382385782,-0.06911700199030574,low_risk,low_risk
cost_overrun_pct,linear_regression,-0.05472301956563059,-0.037434311827417535,low_risk,low_risk
cost_overrun_pct,linear_regression,-0.06903676183034708,-0.047231931174851055,low_risk,low_risk
cost_overrun_pct,linear_regression,0.006940631342736692,0.010732935972423495,low_risk,low_risk
cost_overrun_pct,linear_regression,0.00997120253469428,-0.005420130568471144,low_risk,low_risk
cost_overrun_pct,linear_regression,-0.019488260510266576,-0.010976868109837647,low_risk,low_risk
cost_overrun_pct,linear_regression,0.028939678934407374,0.011945848702836059,low_risk,low_risk
cost_overrun_pct,linear_regression,-0.10522549330532235,-0.09459027002687487,low_risk,low_risk
cost_overrun_pct,linear_regression,-0.03787617969843896,-0.04786280311810886,low_risk,low_risk
cost_overrun_pct,linear_regression,0.00442092792586274,-0.00040508753458733116,low_risk,low_risk
cost_overrun_pct,linear_regression,0.046976450439464114,-0.0026942676695938927,low_risk,low_risk
cost_overrun_pct,linear_regression,-0.007518937732879999,0.016442653460519707,low_risk,low_risk
cost_overrun_pct,linear_regression,-0.15000000000000005,-0.15512286153946622,low_risk,low_risk
cost_overrun_pct,linear_regression,-0.005078427039197273,-0.006724789272200257,low_risk,low_risk
cost_overrun_pct,linear_regression,-0.03274136273318692,-0.0384479375223623,low_risk,low_risk
cost_overrun_pct,linear_regression,-0.06836396102731133,-0.06188836168181019,low_risk,low_risk
cost_overrun_pct,linear_regression,-0.014722612943785705,0.006396423990498543,low_risk,low_risk
cost_overrun_pct,linear_regression,0.09445921626151917,0.025085794002981908,moderate_risk,low_risk
cost_overrun_pct,linear_regression,-0.14699817720086034,-0.14022890454256537,low_risk,low_risk
cost_overrun_pct,linear_regression,-0.14999999999999997,-0.19989030679907804,low_risk,low_risk
cost_overrun_pct,linear_regression,0.044824870813470065,0.02954681787913465,low_risk,low_risk
cost_overrun_pct,linear_regression,-0.05597178014306269,-0.021148552971750497,low_risk,low_risk
cost_overrun_pct,linear_regression,-0.04704926192477511,-0.03234656492543027,low_risk,low_risk
cost_overrun_pct,linear_regression,-0.15000000000000002,-0.19794887494813188,low_risk,low_risk
cost_overrun_pct,linear_regression,-0.12208612175423983,-0.12007211641847171,low_risk,low_risk
cost_overrun_pct,linear_regression,-0.08925223182337985,-0.06442343038753474,low_risk,low_risk
cost_overrun_pct,linear_regression,-0.037574464041944255,-0.02571697894299821,low_risk,low_risk
cost_overrun_pct,linear_regression,-0.05810090487344958,-0.030504344346267982,low_risk,low_risk
cost_overrun_pct,linear_regression,-0.0769546866186088,-0.05077333257859534,low_risk,low_risk
cost_overrun_pct,linear_regression,-0.05923403278758761,-0.03110532279555414,low_risk,low_risk
cost_overrun_pct,linear_regression,-0.024093119550977267,-0.014571468358712515,low_risk,low_risk
cost_overrun_pct,linear_regression,-0.11696733697041209,-0.09993486698792717,low_risk,low_risk
cost_overrun_pct,linear_regression,-0.15000000000000005,-0.1766905888716587,low_risk,low_risk
cost_overrun_pct,linear_regression,-0.07432270250348176,-0.04421705635381822,low_risk,low_risk
cost_overrun_pct,linear_regression,-0.08375064314317032,-0.036375246530907256,low_risk,low_risk
cost_overrun_pct,linear_regression,-0.02138987911380809,-0.04091330181679716,low_risk,low_risk
cost_overrun_pct,linear_regression,-0.06102524760064938,-0.03746742270025996,low_risk,low_risk
cost_overrun_pct,linear_regression,0.00020569154734492544,0.016628253645807216,low_risk,low_risk
cost_overrun_pct,linear_regression,-0.10536942373963447,-0.07486469785098956,low_risk,low_risk
cost_overrun_pct,linear_regression,0.001638816949211648,-0.022367603244617618,low_risk,low_risk
cost_overrun_pct,linear_regression,-0.035115087151798924,-0.039464565543508225,low_risk,low_risk
cost_overrun_pct,linear_regression,-0.15,-0.13276067439667197,low_risk,low_risk
cost_overrun_pct,linear_regression,-0.09484963558438654,-0.07873677315556693,low_risk,low_risk
cost_overrun_pct,linear_regression,-0.07131614628828808,-0.036495172868607706,low_risk,low_risk
cost_overrun_pct,linear_regression,-0.09629916817539311,-0.07530498338892,low_risk,low_risk
cost_overrun_pct,linear_regression,-0.15,-0.12661456030627008,low_risk,low_risk
cost_overrun_pct,linear_regression,-0.07526648832918101,-0.053717234039156445,low_risk,low_risk
cost_overrun_pct,linear_regression,-0.010593177693041462,-0.06674276919168826,low_risk,low_risk
cost_overrun_pct,linear_regression,0.012393086369887627,0.01548463881951724,low_risk,low_risk
cost_overrun_pct,linear_regression,-0.004542860642981188,-0.011418641790247056,low_risk,low_risk
cost_overrun_pct,linear_regression,-0.05682734067898728,-0.05612130452414899,low_risk,low_risk
cost_overrun_pct,linear_regression,-0.04017498373405712,-0.059016613408584294,low_risk,low_risk
cost_overrun_pct,linear_regression,-0.04876876770959411,-0.029348759511329314,low_risk,low_risk
cost_overrun_pct,linear_regression,-0.15000000000000005,-0.16366561883917052,low_risk,low_risk
cost_overrun_pct,linear_regression,0.0389369085205193,-0.08001829539599106,low_risk,low_risk
cost_overrun_pct,linear_regression,-0.06907975748905272,-0.06445776119983515,low_risk,low_risk
cost_overrun_pct,linear_regression,-0.06931582168274238,-0.043468250013056355,low_risk,low_risk
cost_overrun_pct,linear_regression,-0.15000000000000008,-0.1556928375677863,low_risk,low_risk
cost_overrun_pct,linear_regression,-0.009520903981462357,-0.02357883552448014,low_risk,low_risk
cost_overrun_pct,linear_regression,-0.14999999999999997,-0.1610151915419215,low_risk,low_risk
cost_overrun_pct,linear_regression,-0.04444794473507783,-0.07782575526012578,low_risk,low_risk
cost_overrun_pct,linear_regression,-0.15000000000000005,-0.10770966155318434,low_risk,low_risk
cost_overrun_pct,linear_regression,-0.08971239993261684,-0.06911547382341983,low_risk,low_risk
cost_overrun_pct,linear_regression,-0.11364233039659928,-0.11174227287564834,low_risk,low_risk
cost_overrun_pct,linear_regression,-0.04439204812972781,-0.009291100470269376,low_risk,low_risk
cost_overrun_pct,linear_regression,-0.03201323614817104,-0.006921993440027661,low_risk,low_risk
cost_overrun_pct,linear_regression,-0.11008724176109713,-0.09587187967277766,low_risk,low_risk
cost_overrun_pct,linear_regression,-0.06162898335737404,-0.14071424258083362,low_risk,low_risk
cost_overrun_pct,linear_regression,-0.08891620673216938,-0.07326155878216156,low_risk,low_risk
cost_overrun_pct,linear_regression,-0.032029800297072655,0.0036253586032578763,low_risk,low_risk
cost_overrun_pct,linear_regression,0.04968383766193337,0.030933110716032185,low_risk,low_risk
cost_overrun_pct,linear_regression,-0.06405654993854597,-0.05756862120077302,low_risk,low_risk
cost_overrun_pct,linear_regression,-0.15000000000000008,-0.21835404255584068,low_risk,low_risk
cost_overrun_pct,linear_regression,0.016450995823337,0.03808714912877096,low_risk,low_risk
cost_overrun_pct,linear_regression,-0.12419843786028692,-0.10068836258005875,low_risk,low_risk
cost_overrun_pct,linear_regression,-0.08651927815874944,-0.08596569438761997,low_risk,low_risk
cost_overrun_pct,linear_regression,-0.08889898029084392,-0.08195513849583916,low_risk,low_risk
cost_overrun_pct,linear_regression,0.006653722953906406,0.025373309328734675,low_risk,low_risk
cost_overrun_pct,linear_regression,0.00028111132411776357,0.006027963343720737,low_risk,low_risk
cost_overrun_pct,linear_regression,-0.013230697190275276,0.010383158889516186,low_risk,low_risk
cost_overrun_pct,linear_regression,0.011469399811630145,-0.005269165359879549,low_risk,low_risk
cost_overrun_pct,linear_regression,-0.15,-0.12753112765454672,low_risk,low_risk
cost_overrun_pct,linear_regression,0.03702207581877576,-0.01411755289618108,low_risk,low_risk
cost_overrun_pct,linear_regression,-0.01762747340906765,0.002156854936122131,low_risk,low_risk
cost_overrun_pct,linear_regression,-0.010154189058552929,-0.02817914751852409,low_risk,low_risk
cost_overrun_pct,linear_regression,-0.0881235253999193,-0.09684746389978338,low_risk,low_risk
cost_overrun_pct,linear_regression,-0.14856533178971681,-0.12531009789874625,low_risk,low_risk
cost_overrun_pct,linear_regression,-0.1500000000000001,-0.12270750122562957,low_risk,low_risk
cost_overrun_pct,linear_regression,0.01737935743229536,0.044008533478832886,low_risk,low_risk
cost_overrun_pct,linear_regression,-0.03432011863954959,-0.00672054027652361,low_risk,low_risk
cost_overrun_pct,linear_regression,0.010021035147827973,-0.025163481478795317,low_risk,low_risk
cost_overrun_pct,linear_regression,-0.019464903438495412,-0.0010043023557766567,low_risk,low_risk
cost_overrun_pct,linear_regression,-0.022501901731589675,-0.06557429081765512,low_risk,low_risk
cost_overrun_pct,linear_regression,-0.14492134579954472,-0.1392199107406942,low_risk,low_risk
cost_overrun_pct,linear_regression,-0.0832614658727109,-0.12180208872455736,low_risk,low_risk
cost_overrun_pct,linear_regression,-0.15000000000000005,-0.19016148561326848,low_risk,low_risk
cost_overrun_pct,linear_regression,0.008908462102328086,-0.031894497405074114,low_risk,low_risk
cost_overrun_pct,linear_regression,-0.014241048204637402,0.010615530509048676,low_risk,low_risk
cost_overrun_pct,linear_regression,-0.07004690724768937,-0.0391835012966831,low_risk,low_risk
cost_overrun_pct,linear_regression,-0.04024273869280462,-0.007995175605695855,low_risk,low_risk
cost_overrun_pct,linear_regression,-0.08403477687200328,-0.05670029658452847,low_risk,low_risk
cost_overrun_pct,linear_regression,-0.08654576619616029,-0.05049131977432166,low_risk,low_risk
cost_overrun_pct,linear_regression,0.03162393969473065,0.03970413872129515,low_risk,low_risk
cost_overrun_pct,linear_regression,-0.051184917537997206,-0.07707775311993893,low_risk,low_risk
cost_overrun_pct,linear_regression,-0.00905092229284103,0.0049639328172097485,low_risk,low_risk
cost_overrun_pct,linear_regression,-0.14528672979184143,-0.11526843193469746,low_risk,low_risk
cost_overrun_pct,linear_regression,-0.14678770604843672,-0.12658180609378702,low_risk,low_risk
cost_overrun_pct,linear_regression,-0.08199133989344357,-0.08473516834219227,low_risk,low_risk
cost_overrun_pct,linear_regression,0.009587646252445143,0.022563706111159633,low_risk,low_risk
cost_overrun_pct,linear_regression,0.0035138029720493025,-0.006662018867456872,low_risk,low_risk
cost_overrun_pct,linear_regression,-0.11204453736827431,-0.12383761032241783,low_risk,low_risk
cost_overrun_pct,linear_regression,-0.14999999999999997,-0.18206174700478822,low_risk,low_risk
cost_overrun_pct,linear_regression,0.0387966841450753,0.035997490973089206,low_risk,low_risk
cost_overrun_pct,linear_regression,-0.07841646135339142,-0.05491134568906137,low_risk,low_risk
cost_overrun_pct,linear_regression,-0.028647759341701075,-0.03684564584406689,low_risk,low_risk
cost_overrun_pct,linear_regression,-0.12371648314007323,-0.10540031456317525,low_risk,low_risk
cost_overrun_pct,linear_regression,-0.05926840933203332,-0.04113337683087384,low_risk,low_risk
cost_overrun_pct,linear_regression,0.0011495495119756135,0.027702470399163646,low_risk,low_risk
cost_overrun_pct,linear_regression,-0.019822087383086186,-0.00407896645786231,low_risk,low_risk
cost_overrun_pct,linear_regression,0.02810916226361198,-0.011977107784505683,low_risk,low_risk
cost_overrun_pct,linear_regression,-0.14999999999999994,-0.24205375986124694,low_risk,low_risk
cost_overrun_pct,linear_regression,-0.0803957859972196,-0.0496887843476145,low_risk,low_risk
cost_overrun_pct,linear_regression,-0.030451625000533535,-0.04620737580553225,low_risk,low_risk
cost_overrun_pct,linear_regression,0.011754852566386158,0.02524752488742278,low_risk,low_risk
cost_overrun_pct,linear_regression,0.08011605169262219,0.02291472633314877,moderate_risk,low_risk
cost_overrun_pct,linear_regression,-0.1386358628104082,-0.14614126198835642,low_risk,low_risk
cost_overrun_pct,linear_regression,-0.14422163300649687,-0.09204468848307823,low_risk,low_risk
cost_overrun_pct,linear_regression,-0.04496096257973341,-0.019722055074198767,low_risk,low_risk
cost_overrun_pct,linear_regression,0.0194007897596695,0.019272640538962993,low_risk,low_risk
cost_overrun_pct,linear_regression,0.012586979795151387,0.02475532906699552,low_risk,low_risk
cost_overrun_pct,linear_regression,0.06912816330039329,0.04398871979643467,moderate_risk,low_risk
cost_overrun_pct,linear_regression,-0.12792155626605156,-0.12374066839824205,low_risk,low_risk
cost_overrun_pct,linear_regression,0.049241330517126806,0.02887966945405463,low_risk,low_risk
cost_overrun_pct,linear_regression,-0.04230358016079301,-0.0224846443670146,low_risk,low_risk
cost_overrun_pct,linear_regression,-0.027307868207279984,-0.022226238960544677,low_risk,low_risk
cost_overrun_pct,linear_regression,0.012255109299735344,0.018153497058735264,low_risk,low_risk
cost_overrun_pct,linear_regression,0.031153660742046122,0.044751605567598704,low_risk,low_risk
cost_overrun_pct,linear_regression,-0.1227001521445339,-0.08288739492989927,low_risk,low_risk
cost_overrun_pct,linear_regression,-0.15,-0.143890392036735,low_risk,low_risk
cost_overrun_pct,linear_regression,0.07717433805400711,0.04597877185849381,moderate_risk,low_risk
cost_overrun_pct,linear_regression,-0.039646905305856565,-0.04394693781479698,low_risk,low_risk
cost_overrun_pct,linear_regression,-0.15,-0.15322410556321825,low_risk,low_risk
cost_overrun_pct,linear_regression,-0.14436746160481467,-0.09882289756545867,low_risk,low_risk
cost_overrun_pct,linear_regression,-0.0913519479753742,-0.067848605254486,low_risk,low_risk
cost_overrun_pct,linear_regression,-0.04477878287726781,-0.01936846213485869,low_risk,low_risk
cost_overrun_pct,linear_regression,0.027813521952304947,0.02379078557775611,low_risk,low_risk
cost_overrun_pct,linear_regression,0.016705186730093538,-0.009123739872295422,low_risk,low_risk
cost_overrun_pct,linear_regression,-0.017212844649143386,0.010313941807009931,low_risk,low_risk
cost_overrun_pct,linear_regression,-0.020709592423160464,-0.005107026430910808,low_risk,low_risk
cost_overrun_pct,linear_regression,-0.1437689459504182,-0.1302903075902626,low_risk,low_risk
cost_overrun_pct,linear_regression,-0.05885411922448624,-0.018969033426031963,low_risk,low_risk
cost_overrun_pct,linear_regression,0.016967964028017327,-0.022712072032784317,low_risk,low_risk
cost_overrun_pct,linear_regression,-0.059609909584028946,-0.02298039681686015,low_risk,low_risk
cost_overrun_pct,linear_regression,-0.08963797022898132,-0.055182301877845986,low_risk,low_risk
cost_overrun_pct,linear_regression,-0.11043964138787207,-0.09942196081744753,low_risk,low_risk
cost_overrun_pct,linear_regression,-0.03829823219091849,0.0019327320243242851,low_risk,low_risk
cost_overrun_pct,linear_regression,-0.06861483408396957,-0.0562370176125725,low_risk,low_risk
cost_overrun_pct,linear_regression,-0.033652955497446554,-0.04324223824852637,low_risk,low_risk
cost_overrun_pct,linear_regression,-0.03128286104840485,-0.0023022019904922683,low_risk,low_risk
cost_overrun_pct,linear_regression,-0.07399882367921776,-0.04160669237233455,low_risk,low_risk
cost_overrun_pct,linear_regression,-0.0488906145364556,-0.026293000971587044,low_risk,low_risk
cost_overrun_pct,linear_regression,-0.0765981073487871,-0.09102226012572076,low_risk,low_risk
cost_overrun_pct,linear_regression,0.030790987868301756,0.028341774446211013,low_risk,low_risk
cost_overrun_pct,linear_regression,-0.008828071817454437,-0.013842868393209622,low_risk,low_risk
cost_overrun_pct,linear_regression,-0.0043700097150221485,0.01279460211131267,low_risk,low_risk
cost_overrun_pct,linear_regression,0.0030118779928200875,0.004234896055473461,low_risk,low_risk
cost_overrun_pct,linear_regression,-0.0492214578619396,-0.05926608062651919,low_risk,low_risk
cost_overrun_pct,linear_regression,-0.058360556593404535,-0.08048754660333185,low_risk,low_risk
cost_overrun_pct,linear_regression,-0.13312490664274002,-0.0812154689738443,low_risk,low_risk
cost_overrun_pct,linear_regression,-0.045264947407765745,-0.013483545836495012,low_risk,low_risk
cost_overrun_pct,linear_regression,-0.15000000000000002,-0.16599841441228558,low_risk,low_risk
cost_overrun_pct,linear_regression,0.03440123719686843,0.009553679268462754,low_risk,low_risk
cost_overrun_pct,linear_regression,-0.13242237563797402,-0.16362671815509922,low_risk,low_risk
cost_overrun_pct,linear_regression,-0.10596219421430605,-0.07047789743616414,low_risk,low_risk
cost_overrun_pct,linear_regression,-0.07990855847006377,-0.045737919264672154,low_risk,low_risk
cost_overrun_pct,linear_regression,0.07271082033159192,0.012140316146428735,moderate_risk,low_risk
cost_overrun_pct,linear_regression,-0.14207916259450296,-0.10425374894973788,low_risk,low_risk
cost_overrun_pct,linear_regression,-0.014320858416182749,0.0019223579629598503,low_risk,low_risk
cost_overrun_pct,linear_regression,0.08163365553380615,0.015115829439459057,moderate_risk,low_risk
cost_overrun_pct,linear_regression,-0.0010093523914787984,-0.08525793384317745,low_risk,low_risk
cost_overrun_pct,linear_regression,-0.019587822361579143,-0.020124425815811364,low_risk,low_risk
cost_overrun_pct,linear_regression,0.1277900524982378,0.04476650195012392,moderate_risk,low_risk
cost_overrun_pct,linear_regression,-0.14942335394833223,-0.12656170230799077,low_risk,low_risk
cost_overrun_pct,linear_regression,-0.06436809844583408,-0.041817698723342435,low_risk,low_risk
cost_overrun_pct,linear_regression,-0.041927000721996684,-0.00976895998860487,low_risk,low_risk
cost_overrun_pct,linear_regression,-0.00034614017292737125,-0.022347716069337793,low_risk,low_risk
cost_overrun_pct,linear_regression,0.010126619816796216,0.0032255954789822336,low_risk,low_risk
cost_overrun_pct,linear_regression,-0.10168148432001815,-0.07551165427167991,low_risk,low_risk
cost_overrun_pct,linear_regression,0.0010211599336988593,-0.006597460839759733,low_risk,low_risk
cost_overrun_pct,linear_regression,-0.05714664328061391,-0.023867270479634495,low_risk,low_risk
cost_overrun_pct,linear_regression,-0.05155466718640628,-0.05865244600404405,low_risk,low_risk
cost_overrun_pct,linear_regression,-0.04286778896342333,-0.06748275918496126,low_risk,low_risk
cost_overrun_pct,linear_regression,-0.10888899798426625,-0.12382011311469168,low_risk,low_risk
cost_overrun_pct,linear_regression,0.002305443787243471,0.02505405885290434,low_risk,low_risk
cost_overrun_pct,linear_regression,-0.053810165275240476,-0.017760663858388894,low_risk,low_risk
cost_overrun_pct,linear_regression,0.043458182839130804,0.045303933350402045,low_risk,low_risk
cost_overrun_pct,linear_regression,-0.07068191400057404,-0.10577573743241306,low_risk,low_risk
cost_overrun_pct,linear_regression,-0.06768744386860344,-0.11348737969485714,low_risk,low_risk
cost_overrun_pct,linear_regression,0.03147433292686694,0.053449953799082774,low_risk,moderate_risk
cost_overrun_pct,linear_regression,0.04413894533472116,0.07235407166195507,low_risk,moderate_risk
cost_overrun_pct,linear_regression,0.09918229858979073,0.1036875270402178,moderate_risk,moderate_risk
cost_overrun_pct,linear_regression,0.05470141489752067,0.09246593039876433,moderate_risk,moderate_risk
cost_overrun_pct,linear_regression,0.03668748372327335,0.057027349965106146,low_risk,moderate_risk
cost_overrun_pct,linear_regression,0.027977922593874625,0.05835895859681572,low_risk,moderate_risk
cost_overrun_pct,linear_regression,0.14276819195062398,0.1298247724030919,moderate_risk,moderate_risk
cost_overrun_pct,linear_regression,0.09231548063060412,0.06502237261701449,moderate_risk,moderate_risk
cost_overrun_pct,linear_regression,0.09682581015819264,0.1147795951620475,moderate_risk,moderate_risk
cost_overrun_pct,linear_regression,0.049055129645271874,0.08427058499265991,low_risk,moderate_risk
cost_overrun_pct,linear_regression,0.04876903107596491,0.07938858760382655,low_risk,moderate_risk
cost_overrun_pct,linear_regression,0.0884039412004298,0.07876991447357665,moderate_risk,moderate_risk
cost_overrun_pct,linear_regression,0.05785252867089621,0.06835461793547315,moderate_risk,moderate_risk
cost_overrun_pct,linear_regression,0.03259040416180009,0.05731669650305544,low_risk,moderate_risk
cost_overrun_pct,linear_regression,0.20412091655112302,0.12399614730989472,high_risk,moderate_risk
cost_overrun_pct,linear_regression,0.07574088539846421,0.05899806167669474,moderate_risk,moderate_risk
cost_overrun_pct,linear_regression,0.15277516602245322,0.05362558214291493,high_risk,moderate_risk
cost_overrun_pct,linear_regression,0.0651223471691209,0.09197730577134319,moderate_risk,moderate_risk
cost_overrun_pct,linear_regression,0.029075829098713365,0.05056259486879253,low_risk,moderate_risk
cost_overrun_pct,linear_regression,0.04565269842804546,0.05476922750690285,low_risk,moderate_risk
cost_overrun_pct,linear_regression,0.07963669192010193,0.08434538211582865,moderate_risk,moderate_risk
cost_overrun_pct,linear_regression,0.12276428962597406,0.11723699472061083,moderate_risk,moderate_risk
cost_overrun_pct,linear_regression,0.09332278587748412,0.06647958494560091,moderate_risk,moderate_risk
cost_overrun_pct,linear_regression,0.09822174787585297,0.08089542092644997,moderate_risk,moderate_risk
cost_overrun_pct,linear_regression,0.0870331696346318,0.07519903057279592,moderate_risk,moderate_risk
cost_overrun_pct,linear_regression,0.05444339444584081,0.059856203327530395,moderate_risk,moderate_risk
cost_overrun_pct,linear_regression,0.1729122588877915,0.11779677701969132,high_risk,moderate_risk
cost_overrun_pct,linear_regression,0.12181775916521535,0.12705172698225575,moderate_risk,moderate_risk
cost_overrun_pct,linear_regression,0.08770402140886194,0.0845044005483816,moderate_risk,moderate_risk
cost_overrun_pct,linear_regression,0.04696340351051933,0.07269515357320117,low_risk,moderate_risk
cost_overrun_pct,linear_regression,0.12282042388521174,0.14555687913172477,moderate_risk,moderate_risk
cost_overrun_pct,linear_regression,0.08262358409513974,0.09219153244541103,moderate_risk,moderate_risk
cost_overrun_pct,linear_regression,0.05197638224593959,0.0732101462397193,moderate_risk,moderate_risk
cost_overrun_pct,linear_regression,0.05919080024158735,0.05781179758174581,moderate_risk,moderate_risk
cost_overrun_pct,linear_regression,0.024659270673339687,0.08832937648983447,low_risk,moderate_risk
cost_overrun_pct,linear_regression,0.04495991377874442,0.07384114618485266,low_risk,moderate_risk
cost_overrun_pct,linear_regression,0.028613204400498984,0.050004573107284934,low_risk,moderate_risk
cost_overrun_pct,linear_regression,0.0576225628632261,0.07398825997594355,moderate_risk,moderate_risk
cost_overrun_pct,linear_regression,0.08362676656627284,0.05624277939297271,moderate_risk,moderate_risk
cost_overrun_pct,linear_regression,0.06177527775461609,0.076338150257446,moderate_risk,moderate_risk
cost_overrun_pct,linear_regression,0.03997511815306038,0.06690544545447732,low_risk,moderate_risk
cost_overrun_pct,linear_regression,0.05019611785565268,0.05936458671348772,moderate_risk,moderate_risk
cost_overrun_pct,linear_regression,0.07720293734852128,0.07544289793907538,moderate_risk,moderate_risk
cost_overrun_pct,linear_regression,0.10174543237792706,0.07102849194990257,moderate_risk,moderate_risk
cost_overrun_pct,linear_regression,0.09747354686695882,0.10441864294003489,moderate_risk,moderate_risk
cost_overrun_pct,linear_regression,0.10310132370523781,0.12958649931737232,moderate_risk,moderate_risk
cost_overrun_pct,linear_regression,0.07433038799134127,0.08252856710480888,moderate_risk,moderate_risk
cost_overrun_pct,linear_regression,0.0801105767403651,0.10144547547921731,moderate_risk,moderate_risk
cost_overrun_pct,linear_regression,0.06888988809039555,0.07142058198782658,moderate_risk,moderate_risk
cost_overrun_pct,linear_regression,0.10545300257545588,0.071575627455702,moderate_risk,moderate_risk
cost_overrun_pct,linear_regression,0.02861872302984666,0.055582989182095414,low_risk,moderate_risk
cost_overrun_pct,linear_regression,0.12827633013895534,0.13692781265791962,moderate_risk,moderate_risk
cost_overrun_pct,linear_regression,0.07702113986182811,0.07551903892416842,moderate_risk,moderate_risk
cost_overrun_pct,linear_regression,0.11128068314399403,0.06956350768045788,moderate_risk,moderate_risk
cost_overrun_pct,linear_regression,0.04440867292686841,0.0655217828759194,low_risk,moderate_risk
cost_overrun_pct,linear_regression,0.06305709688830323,0.06621276173191004,moderate_risk,moderate_risk
cost_overrun_pct,linear_regression,-0.008601437734847617,0.05614161635957066,low_risk,moderate_risk
cost_overrun_pct,linear_regression,0.14533603707322257,0.0907994060115232,moderate_risk,moderate_risk
cost_overrun_pct,linear_regression,0.0841375746665795,0.10245143418651642,moderate_risk,moderate_risk
cost_overrun_pct,linear_regression,0.046069140338231784,0.07100983346916473,low_risk,moderate_risk
cost_overrun_pct,linear_regression,0.08430432395549822,0.061669671470720035,moderate_risk,moderate_risk
cost_overrun_pct,linear_regression,0.11613132775806312,0.08169631141228437,moderate_risk,moderate_risk
cost_overrun_pct,linear_regression,0.11263149359189856,0.058685075258077625,moderate_risk,moderate_risk
cost_overrun_pct,linear_regression,0.10582793901005609,0.05983937552815947,moderate_risk,moderate_risk
cost_overrun_pct,linear_regression,0.1807485912432552,0.14077790034896376,high_risk,moderate_risk
cost_overrun_pct,linear_regression,0.1508663062952169,0.14751178746100155,high_risk,moderate_risk
cost_overrun_pct,linear_regression,0.11188511199557416,0.10832425337696694,moderate_risk,moderate_risk
cost_overrun_pct,linear_regression,0.07053452350045991,0.10052753739279627,moderate_risk,moderate_risk
cost_overrun_pct,linear_regression,0.122265442582427,0.08816369121758352,moderate_risk,moderate_risk
cost_overrun_pct,linear_regression,0.05397466158637744,0.07887634253162637,moderate_risk,moderate_risk
cost_overrun_pct,linear_regression,0.13756131703607638,0.08255121173232835,moderate_risk,moderate_risk
cost_overrun_pct,linear_regression,0.07907331781444465,0.08420804747999577,moderate_risk,moderate_risk
cost_overrun_pct,linear_regression,0.10434704988902026,0.12247685290931559,moderate_risk,moderate_risk
cost_overrun_pct,linear_regression,0.1155619906363678,0.053181674400874825,moderate_risk,moderate_risk
cost_overrun_pct,linear_regression,0.18473611110379656,0.11871217787660032,high_risk,moderate_risk
cost_overrun_pct,linear_regression,0.10816300793677042,0.13232457764606803,moderate_risk,moderate_risk
cost_overrun_pct,linear_regression,0.07351998347050061,0.0775903055239072,moderate_risk,moderate_risk
cost_overrun_pct,linear_regression,-0.0032673815542112123,0.07877608841033543,low_risk,moderate_risk
cost_overrun_pct,linear_regression,0.03233676961791463,0.05543082192974957,low_risk,moderate_risk
cost_overrun_pct,linear_regression,0.18590537618749842,0.12336385618184173,high_risk,moderate_risk
cost_overrun_pct,linear_regression,0.0619397493289191,0.06615434062943071,moderate_risk,moderate_risk
cost_overrun_pct,linear_regression,0.12405856685615217,0.14783986084383907,moderate_risk,moderate_risk
cost_overrun_pct,linear_regression,0.06304462316414393,0.05112814695437338,moderate_risk,moderate_risk
cost_overrun_pct,linear_regression,0.15635315516531165,0.13100683085306442,high_risk,moderate_risk
cost_overrun_pct,linear_regression,0.19788166457782516,0.14481642747233514,high_risk,moderate_risk
cost_overrun_pct,linear_regression,0.10978532543493172,0.06378549168218667,moderate_risk,moderate_risk
cost_overrun_pct,linear_regression,0.08228321638841077,0.10562605895580943,moderate_risk,moderate_risk
cost_overrun_pct,linear_regression,0.12329817909181681,0.13500372231165952,moderate_risk,moderate_risk
cost_overrun_pct,linear_regression,0.05078639763780754,0.06016090835243013,moderate_risk,moderate_risk
schedule_overrun_pct,linear_regression,0.21529656438221337,0.20493166409172198,high_risk,high_risk
schedule_overrun_pct,linear_regression,0.1611817026168805,0.15714630057810686,high_risk,high_risk
schedule_overrun_pct,linear_regression,0.18278525454340927,0.18536618052126577,high_risk,high_risk
schedule_overrun_pct,linear_regression,0.21101794987630587,0.20111101179322435,high_risk,high_risk
schedule_overrun_pct,linear_regression,0.13975554365617002,0.17260449638535777,moderate_risk,high_risk
schedule_overrun_pct,linear_regression,0.20210011833977637,0.18003591966824878,high_risk,high_risk
schedule_overrun_pct,linear_regression,0.2114886797962548,0.22122218508568195,high_risk,high_risk
schedule_overrun_pct,linear_regression,0.17717443584630105,0.19827006618273943,high_risk,high_risk
schedule_overrun_pct,linear_regression,0.13606264623986772,0.16100387416656542,moderate_risk,high_risk
schedule_overrun_pct,linear_regression,0.16720609674330905,0.15335793337683537,high_risk,high_risk
schedule_overrun_pct,linear_regression,0.2212652404718782,0.25974863678591636,high_risk,high_risk
schedule_overrun_pct,linear_regression,0.18483932565866254,0.15116350644777646,high_risk,high_risk
schedule_overrun_pct,linear_regression,0.19798716828883361,0.18891903183926803,high_risk,high_risk
schedule_overrun_pct,linear_regression,0.13771520583054492,0.1506000943699341,moderate_risk,high_risk
schedule_overrun_pct,linear_regression,0.1271224499227999,0.16657117893836193,moderate_risk,high_risk
schedule_overrun_pct,linear_regression,0.15564753476177565,0.1813939621027046,high_risk,high_risk
schedule_overrun_pct,linear_regression,0.17058913495511915,0.17879869810608948,high_risk,high_risk
schedule_overrun_pct,linear_regression,0.21064338440467206,0.1595649743206037,high_risk,high_risk
schedule_overrun_pct,linear_regression,0.18435024757570997,0.17381932108388623,high_risk,high_risk
schedule_overrun_pct,linear_regression,0.2539287291180813,0.22893839485943007,high_risk,high_risk
schedule_overrun_pct,linear_regression,0.17109488798083983,0.15969741805217744,high_risk,high_risk
schedule_overrun_pct,linear_regression,0.16525648646123475,0.1778129657922521,high_risk,high_risk
schedule_overrun_pct,linear_regression,0.10982318835995393,0.1689768019418152,moderate_risk,high_risk
schedule_overrun_pct,linear_regression,-0.03381838820789969,-0.05287253213811105,low_risk,low_risk
schedule_overrun_pct,linear_regression,-0.09847084749733871,-0.10905281490383437,low_risk,low_risk
schedule_overrun_pct,linear_regression,0.02183049187582859,-0.0057031896662932645,low_risk,low_risk
schedule_overrun_pct,linear_regression,0.03794551041762957,-0.028191840920603718,low_risk,low_risk
schedule_overrun_pct,linear_regression,-0.09056404740530673,-0.07833369892308083,low_risk,low_risk
schedule_overrun_pct,linear_regression,-0.17999999999999994,-0.18444118074886007,low_risk,low_risk
schedule_overrun_pct,linear_regression,0.05666590223121251,0.01927126738592563,moderate_risk,low_risk
schedule_overrun_pct,linear_regression,0.04735562343385696,0.02557734382081173,low_risk,low_risk
schedule_overrun_pct,linear_regression,-0.03661398508126813,-0.021045164789657445,low_risk,low_risk
schedule_overrun_pct,linear_regression,-0.07146842785342333,-0.03613995661417751,low_risk,low_risk
schedule_overrun_pct,linear_regression,-0.09360023649082674,-0.05056730753973676,low_risk,low_risk
schedule_overrun_pct,linear_regression,-0.11995854440642378,-0.06881086297334234,low_risk,low_risk
schedule_overrun_pct,linear_regression,-0.09387501283837048,-0.025896398480376732,low_risk,low_risk
schedule_overrun_pct,linear_regression,-0.004133071242831418,0.006081119011397119,low_risk,low_risk
schedule_overrun_pct,linear_regression,-0.014149228597352865,-0.036155405220092446,low_risk,low_risk
schedule_overrun_pct,linear_regression,0.1435282437232552,0.047444474791332555,moderate_risk,low_risk
schedule_overrun_pct,linear_regression,-0.10813430602868843,-0.11836333992914376,low_risk,low_risk
schedule_overrun_pct,linear_regression,0.008808361259083382,0.013783038894330319,low_risk,low_risk
schedule_overrun_pct,linear_regression,0.014857014808425308,0.018004621215805417,low_risk,low_risk
schedule_overrun_pct,linear_regression,-0.09026154236227292,-0.044464090955721985,low_risk,low_risk
schedule_overrun_pct,linear_regression,0.056659795853394014,-0.0313610920061468,moderate_risk,low_risk
schedule_overrun_pct,linear_regression,-0.027548949436903187,-0.023748262310261253,low_risk,low_risk
schedule_overrun_pct,linear_regression,-0.017432938744835442,-0.1088945277828466,low_risk,low_risk
schedule_overrun_pct,linear_regression,-0.1799999999999999,-0.23185580571921668,low_risk,low_risk
schedule_overrun_pct,linear_regression,-0.03358758907769637,-0.0006324551235004951,low_risk,low_risk
schedule_overrun_pct,linear_regression,-0.1396466704896513,-0.10358342506275649,low_risk,low_risk
schedule_overrun_pct,linear_regression,-0.019576962882665035,-0.013023133290882716,low_risk,low_risk
schedule_overrun_pct,linear_regression,-0.11637132922164418,-0.10533825213047981,low_risk,low_risk
schedule_overrun_pct,linear_regression,-0.0939924860193666,-0.08782688958926574,low_risk,low_risk
schedule_overrun_pct,linear_regression,0.014609123035463868,0.02477610844251384,low_risk,low_risk
schedule_overrun_pct,linear_regression,0.035088542055315045,0.037825879095160206,low_risk,low_risk
schedule_overrun_pct,linear_regression,-0.15478039903854238,-0.14279563628102734,low_risk,low_risk
schedule_overrun_pct,linear_regression,-0.06923548384366973,-0.03747607240669705,low_risk,low_risk
schedule_overrun_pct,linear_regression,-0.031528456015338324,-0.034672124727149395,low_risk,low_risk
schedule_overrun_pct,linear_regression,-0.009474299683683778,-0.013199437473615138,low_risk,low_risk
schedule_overrun_pct,linear_regression,0.06253152816768658,0.023720477766175193,moderate_risk,low_risk
schedule_overrun_pct,linear_regression,-0.10240292849954204,-0.06197681779021773,low_risk,low_risk
schedule_overrun_pct,linear_regression,-0.09903095698685459,-0.08838363216933687,low_risk,low_risk
schedule_overrun_pct,linear_regression,-0.047312021142041624,-0.03271855096754184,low_risk,low_risk
schedule_overrun_pct,linear_regression,-0.07604709936025865,-0.08955276633554086,low_risk,low_risk
schedule_overrun_pct,linear_regression,-0.020470343047366654,-0.001031472823040589,low_risk,low_risk
schedule_overrun_pct,linear_regression,-0.12554236614487302,-0.08587848313305,low_risk,low_risk
schedule_overrun_pct,linear_regression,-0.020316242455493936,-0.007215610014915563,low_risk,low_risk
schedule_overrun_pct,linear_regression,-0.025202033525070163,-0.017207703146708223,low_risk,low_risk
schedule_overrun_pct,linear_regression,-0.12199130869156419,-0.14800830974570353,low_risk,low_risk
schedule_overrun_pct,linear_regression,-0.024591994117192796,0.0027101062969453645,low_risk,low_risk
schedule_overrun_pct,linear_regression,-0.056681261020625776,-0.047584121921584746,low_risk,low_risk
schedule_overrun_pct,linear_regression,0.02165067483099326,-0.018331470909973047,low_risk,low_risk
schedule_overrun_pct,linear_regression,-0.11338248632301823,-0.12761981350992843,low_risk,low_risk
schedule_overrun_pct,linear_regression,-0.17264986690075584,-0.1552039570011387,low_risk,low_risk
schedule_overrun_pct,linear_regression,-0.004587686874877489,0.002659429969666737,low_risk,low_risk
schedule_overrun_pct,linear_regression,-0.07917365358995289,-0.05010464630486541,low_risk,low_risk
schedule_overrun_pct,linear_regression,-0.1069058038746119,-0.11360682915427722,low_risk,low_risk
schedule_overrun_pct,linear_regression,-0.0959743883893543,-0.057088687698968785,low_risk,low_risk
schedule_overrun_pct,linear_regression,-0.01330455615503503,-0.10160640712675736,low_risk,low_risk
schedule_overrun_pct,linear_regression,-0.12533364555722773,-0.09713802040633587,low_risk,low_risk
schedule_overrun_pct,linear_regression,-0.021780652585235025,-0.027972666290112917,low_risk,low_risk
schedule_overrun_pct,linear_regression,-0.15083159766906484,-0.1123656030553255,low_risk,low_risk
schedule_overrun_pct,linear_regression,-0.17679576428646798,-0.18431919729133664,low_risk,low_risk
schedule_overrun_pct,linear_regression,0.10052576537242364,0.028029158060880185,moderate_risk,low_risk
schedule_overrun_pct,linear_regression,0.0330237938119391,0.04824077185928996,low_risk,low_risk
schedule_overrun_pct,linear_regression,-0.020493245190372024,0.0014501343649692862,low_risk,low_risk
schedule_overrun_pct,linear_regression,-0.10371796521913834,-0.057302421048002344,low_risk,low_risk
schedule_overrun_pct,linear_regression,0.11854126515004797,0.005601446876407599,moderate_risk,low_risk
schedule_overrun_pct,linear_regression,-0.0984806109765019,-0.11265841459831966,low_risk,low_risk
schedule_overrun_pct,linear_regression,0.011642291920639994,-0.01603687834495467,low_risk,low_risk
schedule_overrun_pct,linear_regression,-0.00930883877819691,0.015188917070623757,low_risk,low_risk
schedule_overrun_pct,linear_regression,-0.08506012641535127,-0.05445954065220279,low_risk,low_risk
schedule_overrun_pct,linear_regression,-0.06845104601774701,-0.07549359250356036,low_risk,low_risk
schedule_overrun_pct,linear_regression,-0.16833916289232076,-0.2150088072074945,low_risk,low_risk
schedule_overrun_pct,linear_regression,-0.04526347485337937,-0.03255970127745056,low_risk,low_risk
schedule_overrun_pct,linear_regression,-0.12572882116395082,-0.08939802357373379,low_risk,low_risk
schedule_overrun_pct,linear_regression,-0.12369452652598538,-0.06605990560607256,low_risk,low_risk
schedule_overrun_pct,linear_regression,-0.163024633789187,-0.126052458954698,low_risk,low_risk
schedule_overrun_pct,linear_regression,0.13887573002689238,0.04160492516984017,moderate_risk,low_risk
schedule_overrun_pct,linear_regression,-0.07162825574396467,-0.061335642792783446,low_risk,low_risk
schedule_overrun_pct,linear_regression,-0.041801983732866366,-0.004118955512345538,low_risk,low_risk
schedule_overrun_pct,linear_regression,0.04675502946037632,0.03321879422227714,low_risk,low_risk
schedule_overrun_pct,linear_regression,-0.1643315572120342,-0.13030675905544786,low_risk,low_risk
schedule_overrun_pct,linear_regression,-0.1799999999999999,-0.20113614262045915,low_risk,low_risk
schedule_overrun_pct,linear_regression,-0.1033100339823421,-0.07193877124658812,low_risk,low_risk
schedule_overrun_pct,linear_regression,-0.0633555239253065,-0.0537350201533069,low_risk,low_risk
schedule_overrun_pct,linear_regression,-0.15339435171857077,-0.1145546098192221,low_risk,low_risk
schedule_overrun_pct,linear_regression,-0.0819691406289544,-0.08349198860691326,low_risk,low_risk
schedule_overrun_pct,linear_regression,-0.03594847896862998,-0.06748155482305276,low_risk,low_risk
schedule_overrun_pct,linear_regression,-0.06000959128952829,-0.07881227189987942,low_risk,low_risk
schedule_overrun_pct,linear_regression,-0.0717164844347147,-0.053453344655840104,low_risk,low_risk
schedule_overrun_pct,linear_regression,-0.10116328480157373,-0.10389551898815323,low_risk,low_risk
schedule_overrun_pct,linear_regression,-0.06322254250101332,-0.08149342909440424,low_risk,low_risk
schedule_overrun_pct,linear_regression,0.04359670929747021,-0.036865032877284765,low_risk,low_risk
schedule_overrun_pct,linear_regression,-0.16810773499588955,-0.13904089656052412,low_risk,low_risk
schedule_overrun_pct,linear_regression,-0.029529221651182342,-0.08883626724621507,low_risk,low_risk
schedule_overrun_pct,linear_regression,-0.09786353883948883,-0.10307935532778878,low_risk,low_risk
schedule_overrun_pct,linear_regression,-0.18,-0.1686860683323041,low_risk,low_risk
schedule_overrun_pct,linear_regression,-0.1633222122143176,-0.1300742927109878,low_risk,low_risk
schedule_overrun_pct,linear_regression,-0.09280420205604292,-0.04987998968585186,low_risk,low_risk
schedule_overrun_pct,linear_regression,-0.09559100545417788,-0.07616765077166189,low_risk,low_risk
schedule_overrun_pct,linear_regression,0.029638487291562005,0.008770286758366105,low_risk,low_risk
schedule_overrun_pct,linear_regression,0.07281355798072556,0.02152275840535989,moderate_risk,low_risk
schedule_overrun_pct,linear_regression,0.0680889013047472,0.014960645124511802,moderate_risk,low_risk
schedule_overrun_pct,linear_regression,-0.12463036094702103,-0.10929135579255606,low_risk,low_risk
schedule_overrun_pct,linear_regression,0.02411482044366169,0.012632550740147724,low_risk,low_risk
schedule_overrun_pct,linear_regression,-0.11726161704435989,-0.08647499357806905,low_risk,low_risk
schedule_overrun_pct,linear_regression,0.029143277186306202,0.018414057938635202,low_risk,low_risk
schedule_overrun_pct,linear_regression,-0.11030830647447497,-0.07432445595899476,low_risk,low_risk
schedule_overrun_pct,linear_regression,-0.10382847112097696,-0.06604030069709535,low_risk,low_risk
schedule_overrun_pct,linear_regression,0.041876844614258994,-0.010187026280496985,low_risk,low_risk
schedule_overrun_pct,linear_regression,-0.18,-0.18111067645392864,low_risk,low_risk
schedule_overrun_pct,linear_regression,-0.15875050170690322,-0.14721668347467143,low_risk,low_risk
schedule_overrun_pct,linear_regression,-0.09951237441740941,-0.10246130364481316,low_risk,low_risk
schedule_overrun_pct,linear_regression,-0.17276049771922058,-0.1709535670859891,low_risk,low_risk
schedule_overrun_pct,linear_regression,-0.1030010008899568,-0.07837714748228464,low_risk,low_risk
schedule_overrun_pct,linear_regression,-0.02953581432879737,-0.019669250148535513,low_risk,low_risk
schedule_overrun_pct,linear_regression,-0.14733315471395486,-0.20862751433846422,low_risk,low_risk
schedule_overrun_pct,linear_regression,-0.03967005736623955,-0.025706141950561194,low_risk,low_risk
schedule_overrun_pct,linear_regression,-0.043663213533720775,-0.030730020757796083,low_risk,low_risk
schedule_overrun_pct,linear_regression,-0.007032573935089314,-0.005637808392710977,low_risk,low_risk
schedule_overrun_pct,linear_regression,-0.09324394251597416,-0.0697240457239488,low_risk,low_risk
schedule_overrun_pct,linear_regression,0.0951683043184533,-0.0008868476359575155,moderate_risk,low_risk
schedule_overrun_pct,linear_regression,-0.17430384130797696,-0.1606568010196605,low_risk,low_risk
schedule_overrun_pct,linear_regression,-0.11434217332749001,-0.08614764667668579,low_risk,low_risk
schedule_overrun_pct,linear_regression,0.0010192461135100847,-0.07366322282221938,low_risk,low_risk
schedule_overrun_pct,linear_regression,-0.05600704074742392,-0.08188558904272648,low_risk,low_risk
schedule_overrun_pct,linear_regression,-0.0681355482735273,-0.09397495992625651,low_risk,low_risk
schedule_overrun_pct,linear_regression,-0.040850303837475316,-0.0424021283115677,low_risk,low_risk
schedule_overrun_pct,linear_regression,-0.17999999999999994,-0.1423469530167211,low_risk,low_risk
schedule_overrun_pct,linear_regression,-0.08032669346372258,-0.1016434627252127,low_risk,low_risk
schedule_overrun_pct,linear_regression,-0.006894337409332621,-0.04884934229579416,low_risk,low_risk
schedule_overrun_pct,linear_regression,0.0197442686272273,0.026060473831617293,low_risk,low_risk
schedule_overrun_pct,linear_regression,0.022981093949313927,-0.022467636010079835,low_risk,low_risk
schedule_overrun_pct,linear_regression,-0.06797457278445927,-0.060634150847817675,low_risk,low_risk
schedule_overrun_pct,linear_regression,-0.15662918442436927,-0.10747581267466372,low_risk,low_risk
schedule_overrun_pct,linear_regression,-0.0460636838080571,-0.07247803741716005,low_risk,low_risk
schedule_overrun_pct,linear_regression,-0.14857565092874386,-0.1052453658437745,low_risk,low_risk
schedule_overrun_pct,linear_regression,-0.041221462898596586,-0.03838046675230698,low_risk,low_risk
schedule_overrun_pct,linear_regression,0.21976529102988557,0.03681026504090769,high_risk,low_risk
schedule_overrun_pct,linear_regression,-0.17730165475467774,-0.15242506697497588,low_risk,low_risk
schedule_overrun_pct,linear_regression,-0.04147205145212885,-0.04562474805299277,low_risk,low_risk
schedule_overrun_pct,linear_regression,-0.1799999999999999,-0.15217565884010065,low_risk,low_risk
schedule_overrun_pct,linear_regression,-0.10016781451742963,-0.049297799123047256,low_risk,low_risk
schedule_overrun_pct,linear_regression,-0.06595056557667077,-0.04085080689837455,low_risk,low_risk
schedule_overrun_pct,linear_regression,0.07829889472451694,0.029103372621441286,moderate_risk,low_risk
schedule_overrun_pct,linear_regression,-0.022036083621900626,0.00021734151540970734,low_risk,low_risk
schedule_overrun_pct,linear_regression,-0.15424761970966192,-0.14690428511339335,low_risk,low_risk
schedule_overrun_pct,linear_regression,-0.12723931651528383,-0.09933841346481062,low_risk,low_risk
schedule_overrun_pct,linear_regression,0.06332514010265106,0.028687131574742394,moderate_risk,low_risk
schedule_overrun_pct,linear_regression,-0.0827302533827965,-0.06378229190478316,low_risk,low_risk
schedule_overrun_pct,linear_regression,-0.04079897238952056,-0.1239777791945883,low_risk,low_risk
schedule_overrun_pct,linear_regression,-0.1364708927514431,-0.11835066940949517,low_risk,low_risk
schedule_overrun_pct,linear_regression,0.005072320601952735,0.019601083047665956,low_risk,low_risk
schedule_overrun_pct,linear_regression,-0.04385539777138343,-0.02911291719968753,low_risk,low_risk
schedule_overrun_pct,linear_regression,-0.01924500270412398,-0.07529571113581952,low_risk,low_risk
schedule_overrun_pct,linear_regression,-0.01679384006780353,-0.015954454267606843,low_risk,low_risk
schedule_overrun_pct,linear_regression,-0.05429850884765298,-0.019882896553530746,low_risk,low_risk
schedule_overrun_pct,linear_regression,-0.17999999999999997,-0.14913780560755618,low_risk,low_risk
schedule_overrun_pct,linear_regression,-0.06118703408233233,-0.01660724370445635,low_risk,low_risk
schedule_overrun_pct,linear_regression,-0.13629550993446443,-0.08884939723502268,low_risk,low_risk
schedule_overrun_pct,linear_regression,-0.1799999999999999,-0.20634493557032343,low_risk,low_risk
schedule_overrun_pct,linear_regression,-0.13528061185619114,-0.11841811430212218,low_risk,low_risk
schedule_overrun_pct,linear_regression,-0.0817326716715782,-0.016989389586902433,low_risk,low_risk
schedule_overrun_pct,linear_regression,-0.128697935952297,-0.0774914776078849,low_risk,low_risk
schedule_overrun_pct,linear_regression,-0.021622323382156135,0.0046927352710521356,low_risk,low_risk
schedule_overrun_pct,linear_regression,-0.02584255781379201,0.01108325238726977,low_risk,low_risk
schedule_overrun_pct,linear_regression,0.06902281818301474,-0.01904176634361246,moderate_risk,low_risk
schedule_overrun_pct,linear_regression,-0.18,-0.17789405629395927,low_risk,low_risk
schedule_overrun_pct,linear_regression,-0.11056771456139976,-0.07948242086542905,low_risk,low_risk
schedule_overrun_pct,linear_regression,0.055145797977576065,0.048900847274550685,moderate_risk,low_risk
schedule_overrun_pct,linear_regression,-0.06468146209300969,-0.05487339413402348,low_risk,low_risk
schedule_overrun_pct,linear_regression,-0.019708687839078778,0.025348631463457918,low_risk,low_risk
schedule_overrun_pct,linear_regression,-0.09929946782058426,-0.08552718809744615,low_risk,low_risk
schedule_overrun_pct,linear_regression,-0.027397746478993623,-0.014465847407739301,low_risk,low_risk
schedule_overrun_pct,linear_regression,-0.155577123317024,-0.14445772513826186,low_risk,low_risk
schedule_overrun_pct,linear_regression,0.010014510558138194,0.024936437511418465,low_risk,low_risk
schedule_overrun_pct,linear_regression,-0.1208432008793192,-0.06977502942131052,low_risk,low_risk
schedule_overrun_pct,linear_regression,-0.18,-0.17071296208254605,low_risk,low_risk
schedule_overrun_pct,linear_regression,0.02566931690894933,0.005759584583819286,low_risk,low_risk
schedule_overrun_pct,linear_regression,-0.11830446726161509,-0.09634408530165103,low_risk,low_risk
schedule_overrun_pct,linear_regression,-0.1605526555725365,-0.1617464027302329,low_risk,low_risk
schedule_overrun_pct,linear_regression,-0.0675866073749604,-0.040903268651600405,low_risk,low_risk
schedule_overrun_pct,linear_regression,-0.01582691270921831,-0.06647162797916678,low_risk,low_risk
schedule_overrun_pct,linear_regression,0.06355738850665137,0.025061956219186343,moderate_risk,low_risk
schedule_overrun_pct,linear_regression,0.03913480656276131,0.03523406783810887,low_risk,low_risk
schedule_overrun_pct,linear_regression,-0.11041650543260251,-0.1070621098882872,low_risk,low_risk
schedule_overrun_pct,linear_regression,0.011339090833959875,-0.03387234040538652,low_risk,low_risk
schedule_overrun_pct,linear_regression,-0.011633513103364673,-0.07814129136235737,low_risk,low_risk
schedule_overrun_pct,linear_regression,-0.07735313851709674,-0.07214456452411687,low_risk,low_risk
schedule_overrun_pct,linear_regression,-0.06748962773955666,-0.05386736682256775,low_risk,low_risk
schedule_overrun_pct,linear_regression,-0.11015192202804477,-0.07065073100761397,low_risk,low_risk
schedule_overrun_pct,linear_regression,-0.07512166955295313,-0.036054801380873275,low_risk,low_risk
schedule_overrun_pct,linear_regression,-0.14811592453812608,-0.13408379180413146,low_risk,low_risk
schedule_overrun_pct,linear_regression,0.024827285047608387,0.032502414001557414,low_risk,low_risk
schedule_overrun_pct,linear_regression,-0.025487544221933413,-0.07244611403720452,low_risk,low_risk
schedule_overrun_pct,linear_regression,-0.04583386593935744,-0.0526084289061412,low_risk,low_risk
schedule_overrun_pct,linear_regression,-0.06383788486833071,-0.05158402205090691,low_risk,low_risk
schedule_overrun_pct,linear_regression,0.011758624286414422,0.02453961244419132,low_risk,low_risk
schedule_overrun_pct,linear_regression,-0.012728908144784414,0.004602846840038696,low_risk,low_risk
schedule_overrun_pct,linear_regression,0.0005965714804947183,0.004433987200885697,low_risk,low_risk
schedule_overrun_pct,linear_regression,-0.03043277882636277,0.015770013894158285,low_risk,low_risk
schedule_overrun_pct,linear_regression,-0.10431186231215081,-0.0972211302720634,low_risk,low_risk
schedule_overrun_pct,linear_regression,-0.08567519889365377,-0.04626194375010571,low_risk,low_risk
schedule_overrun_pct,linear_regression,0.05661795494141049,0.010716419005363385,moderate_risk,low_risk
schedule_overrun_pct,linear_regression,0.036536809871435316,0.004007049699092076,low_risk,low_risk
schedule_overrun_pct,linear_regression,0.008310341163950182,0.030397926941215205,low_risk,low_risk
schedule_overrun_pct,linear_regression,-0.1799999999999999,-0.16641521643600002,low_risk,low_risk
schedule_overrun_pct,linear_regression,-0.03679350973476363,-0.0009409534393370854,low_risk,low_risk
schedule_overrun_pct,linear_regression,-0.008439377725526774,-0.03197828311088145,low_risk,low_risk
schedule_overrun_pct,linear_regression,-0.08339353552834709,-0.05453456083650536,low_risk,low_risk
schedule_overrun_pct,linear_regression,0.023623358458789285,0.007808293289573848,low_risk,low_risk
schedule_overrun_pct,linear_regression,0.022589952930792943,0.032397805465638765,low_risk,low_risk
schedule_overrun_pct,linear_regression,-0.17999999999999997,-0.15956346609649832,low_risk,low_risk
schedule_overrun_pct,linear_regression,-0.1799999999999999,-0.22596307155179113,low_risk,low_risk
schedule_overrun_pct,linear_regression,0.07805445140523165,0.044401553996642196,moderate_risk,low_risk
schedule_overrun_pct,linear_regression,-0.02859062045491048,-0.014368208071205795,low_risk,low_risk
schedule_overrun_pct,linear_regression,-0.034884918761254005,-0.03272515655277858,low_risk,low_risk
schedule_overrun_pct,linear_regression,-0.18000000000000002,-0.22283523443756217,low_risk,low_risk
schedule_overrun_pct,linear_regression,-0.16178124225495036,-0.12820057263295223,low_risk,low_risk
schedule_overrun_pct,linear_regression,-0.05373538206673946,-0.057478929789357716,low_risk,low_risk
schedule_overrun_pct,linear_regression,0.006873198766614358,-0.02859209829182827,low_risk,low_risk
schedule_overrun_pct,linear_regression,0.026867188900799446,-0.03545719678824062,low_risk,low_risk
schedule_overrun_pct,linear_regression,-0.03633057928166073,-0.04478208120060086,low_risk,low_risk
schedule_overrun_pct,linear_regression,-0.07816806818034089,-0.035987463532410904,low_risk,low_risk
schedule_overrun_pct,linear_regression,-0.031170867039423785,0.0013088240789339255,low_risk,low_risk
schedule_overrun_pct,linear_regression,-0.10485188277072217,-0.10555984349106468,low_risk,low_risk
schedule_overrun_pct,linear_regression,-0.17522696770364438,-0.1966490411753009,low_risk,low_risk
schedule_overrun_pct,linear_regression,0.07068351874690407,-0.03451899728634898,moderate_risk,low_risk
schedule_overrun_pct,linear_regression,-0.07731947343749765,-0.027035603430317284,low_risk,low_risk
schedule_overrun_pct,linear_regression,-0.06248759801848749,-0.030223965614205126,low_risk,low_risk
schedule_overrun_pct,linear_regression,-0.04290152567060956,-0.026933566812310166,low_risk,low_risk
schedule_overrun_pct,linear_regression,0.014208086691800995,0.018706201537556283,low_risk,low_risk
schedule_overrun_pct,linear_regression,-0.011968993689199889,-0.07023119433247825,low_risk,low_risk
schedule_overrun_pct,linear_regression,-0.005085640192223073,-0.019691295122141548,low_risk,low_risk
schedule_overrun_pct,linear_regression,-0.05884249106404056,-0.03103968772279327,low_risk,low_risk
schedule_overrun_pct,linear_regression,-0.14890173185336997,-0.13834340489467142,low_risk,low_risk
schedule_overrun_pct,linear_regression,-0.10413527182759157,-0.07530235339198607,low_risk,low_risk
schedule_overrun_pct,linear_regression,-0.07969146695863862,-0.03938489334830786,low_risk,low_risk
schedule_overrun_pct,linear_regression,-0.0881674637342703,-0.07907651295007141,low_risk,low_risk
schedule_overrun_pct,linear_regression,-0.16960946861836262,-0.12844833137318692,low_risk,low_risk
schedule_overrun_pct,linear_regression,-0.10028854833757238,-0.06458610842440266,low_risk,low_risk
schedule_overrun_pct,linear_regression,-0.08099757915625948,-0.06516003989088058,low_risk,low_risk
schedule_overrun_pct,linear_regression,0.034588373683739175,0.025878962662642915,low_risk,low_risk
schedule_overrun_pct,linear_regression,0.013336712190517307,-0.0021810201424717866,low_risk,low_risk
schedule_overrun_pct,linear_regression,-0.001831110860754562,-0.05126384371006913,low_risk,low_risk
schedule_overrun_pct,linear_regression,-0.04267464573750529,-0.05682934179111107,low_risk,low_risk
schedule_overrun_pct,linear_regression,-0.019947177572940553,-0.02067435199951957,low_risk,low_risk
schedule_overrun_pct,linear_regression,-0.153778737462793,-0.18540413149984644,low_risk,low_risk
schedule_overrun_pct,linear_regression,-0.013389077910443978,-0.07336382388919381,low_risk,low_risk
schedule_overrun_pct,linear_regression,-0.05302162688255953,-0.055284210625393404,low_risk,low_risk
schedule_overrun_pct,linear_regression,0.06348803217996286,-0.043713348177686226,moderate_risk,low_risk
schedule_overrun_pct,linear_regression,-0.13889432096926374,-0.16911920073611428,low_risk,low_risk
schedule_overrun_pct,linear_regression,0.010426538434310061,-0.008837035876987875,low_risk,low_risk
schedule_overrun_pct,linear_regression,-0.1799999999999999,-0.17642088689684765,low_risk,low_risk
schedule_overrun_pct,linear_regression,-0.03391661953662215,-0.07705408120792712,low_risk,low_risk
schedule_overrun_pct,linear_regression,-0.1407703842321304,-0.12665375874372567,low_risk,low_risk
schedule_overrun_pct,linear_regression,0.0014724557584638262,-0.0725641940266168,low_risk,low_risk
schedule_overrun_pct,linear_regression,-0.11981112608679136,-0.12504014832089164,low_risk,low_risk
schedule_overrun_pct,linear_regression,-0.015498880762773082,-0.005632095782354369,low_risk,low_risk
schedule_overrun_pct,linear_regression,-0.01425543311088604,-0.00931463740822892,low_risk,low_risk
schedule_overrun_pct,linear_regression,-0.12611350146686845,-0.09935167944428175,low_risk,low_risk
schedule_overrun_pct,linear_regression,-0.17999999999999997,-0.1597177346485172,low_risk,low_risk
schedule_overrun_pct,linear_regression,-0.05886759626208009,-0.06826270902770801,low_risk,low_risk
schedule_overrun_pct,linear_regression,-0.0169158238980509,0.009289366426209578,low_risk,low_risk
schedule_overrun_pct,linear_regression,-0.08655933149394687,-0.057686552449616305,low_risk,low_risk
schedule_overrun_pct,linear_regression,-0.17999999999999997,-0.2441135813813723,low_risk,low_risk
schedule_overrun_pct,linear_regression,0.028381451398191437,0.04943752087462526,low_risk,low_risk
schedule_overrun_pct,linear_regression,-0.10363437849414368,-0.10435634631655567,low_risk,low_risk
schedule_overrun_pct,linear_regression,-0.1136683264881681,-0.08858919324081105,low_risk,low_risk
schedule_overrun_pct,linear_regression,-0.10877582737731847,-0.08553635010041374,low_risk,low_risk
schedule_overrun_pct,linear_regression,0.06256613225903206,0.038654502578005526,moderate_risk,low_risk
schedule_overrun_pct,linear_regression,-0.004390785750395384,0.008398717989808877,low_risk,low_risk
schedule_overrun_pct,linear_regression,-0.023671179758384873,0.018894665108749518,low_risk,low_risk
schedule_overrun_pct,linear_regression,-0.013212715132786738,0.0010544767750776986,low_risk,low_risk
schedule_overrun_pct,linear_regression,-0.16625908881948012,-0.1389642454965487,low_risk,low_risk
schedule_overrun_pct,linear_regression,0.03159210620312708,-0.00022893505835487257,low_risk,low_risk
schedule_overrun_pct,linear_regression,-0.017315855996748966,0.011220232942242302,low_risk,low_risk
schedule_overrun_pct,linear_regression,0.021250050577947488,-0.0201187033905438,low_risk,low_risk
schedule_overrun_pct,linear_regression,-0.13556281300537493,-0.1064586257427182,low_risk,low_risk
schedule_overrun_pct,linear_regression,-0.15204673865255197,-0.1383830281753176,low_risk,low_risk
schedule_overrun_pct,linear_regression,-0.15073527828197317,-0.13987272583795354,low_risk,low_risk
schedule_overrun_pct,linear_regression,0.046973171088881056,0.047857851123633166,low_risk,low_risk
schedule_overrun_pct,linear_regression,-0.038381267673366415,-0.002977412022859026,low_risk,low_risk
schedule_overrun_pct,linear_regression,-0.020957254037221457,-0.024510699919801662,low_risk,low_risk
schedule_overrun_pct,linear_regression,-0.032918389143965325,0.0006574033790589934,low_risk,low_risk
schedule_overrun_pct,linear_regression,-0.05004661022410602,-0.06459280613315548,low_risk,low_risk
schedule_overrun_pct,linear_regression,-0.15260699473053385,-0.1536812298299104,low_risk,low_risk
schedule_overrun_pct,linear_regression,-0.168384272969697,-0.1315412666697396,low_risk,low_risk
schedule_overrun_pct,linear_regression,-0.1511406588545898,-0.21545626073529126,low_risk,low_risk
schedule_overrun_pct,linear_regression,0.044478900560110994,-0.03280932551670318,low_risk,low_risk
schedule_overrun_pct,linear_regression,0.08548683942856725,0.03435601595874055,moderate_risk,low_risk
schedule_overrun_pct,linear_regression,-0.06571114616147827,-0.034347755714568606,low_risk,low_risk
schedule_overrun_pct,linear_regression,-0.007969520581465824,0.004009187999713785,low_risk,low_risk
schedule_overrun_pct,linear_regression,0.01418089088386726,-0.06506157251661328,low_risk,low_risk
schedule_overrun_pct,linear_regression,-0.08842105593246492,-0.05482382383776295,low_risk,low_risk
schedule_overrun_pct,linear_regression,-0.024739436992531037,-0.0769840088963902,low_risk,low_risk
schedule_overrun_pct,linear_regression,0.04038731166410731,0.023312854303906432,low_risk,low_risk
schedule_overrun_pct,linear_regression,-0.12359017140372325,-0.12152810739292677,low_risk,low_risk
schedule_overrun_pct,linear_regression,-0.16515360607440863,-0.1401337259608527,low_risk,low_risk
schedule_overrun_pct,linear_regression,-0.09790764932934704,-0.09225216191540199,low_risk,low_risk
schedule_overrun_pct,linear_regression,0.023127951060397157,0.03328385679493111,low_risk,low_risk
schedule_overrun_pct,linear_regression,-0.019489471784650426,0.00036590253758263594,low_risk,low_risk
schedule_overrun_pct,linear_regression,-0.10689708025447378,-0.13650002262024613,low_risk,low_risk
schedule_overrun_pct,linear_regression,-0.18000000000000002,-0.197009679577194,low_risk,low_risk
schedule_overrun_pct,linear_regression,0.09984539366063468,0.040968783215988,moderate_risk,low_risk
schedule_overrun_pct,linear_regression,-0.06682609231431873,-0.058734485111855514,low_risk,low_risk
schedule_overrun_pct,linear_regression,-0.015563629663781487,-0.03418337448372716,low_risk,low_risk
schedule_overrun_pct,linear_regression,-0.12765127202377793,-0.11132959471600734,low_risk,low_risk
schedule_overrun_pct,linear_regression,-0.019499952966706407,-0.03253054240104086,low_risk,low_risk
schedule_overrun_pct,linear_regression,0.042660611533033646,0.03915678258259829,low_risk,low_risk
schedule_overrun_pct,linear_regression,-0.005201957632328875,0.005106028982172755,low_risk,low_risk
schedule_overrun_pct,linear_regression,0.10919612767653689,0.001895064062432162,moderate_risk,low_risk
schedule_overrun_pct,linear_regression,-0.17999999999999988,-0.27413294448729014,low_risk,low_risk
schedule_overrun_pct,linear_regression,-0.060857608990709966,-0.04734892220919877,low_risk,low_risk
schedule_overrun_pct,linear_regression,-0.0008466759428431371,-0.04828769395932013,low_risk,low_risk
schedule_overrun_pct,linear_regression,-0.0121509274078087,0.03577626011655245,low_risk,low_risk
schedule_overrun_pct,linear_regression,0.007053086003412745,0.032034608282891786,low_risk,low_risk
schedule_overrun_pct,linear_regression,-0.16529124300923057,-0.16510091323295398,low_risk,low_risk
schedule_overrun_pct,linear_regression,-0.13142355384663768,-0.1065182863390744,low_risk,low_risk
schedule_overrun_pct,linear_regression,0.004657428724839968,-0.0004905673325262018,low_risk,low_risk
schedule_overrun_pct,linear_regression,0.07803839450298791,0.03579626088259032,moderate_risk,low_risk
schedule_overrun_pct,linear_regression,0.12944950534568037,0.023668940735354003,moderate_risk,low_risk
schedule_overrun_pct,linear_regression,-0.14842203178236676,-0.1309308585151914,low_risk,low_risk
schedule_overrun_pct,linear_regression,0.042267428840317034,0.042805788534993186,low_risk,low_risk
schedule_overrun_pct,linear_regression,-0.03351308316181445,-0.004921804099008543,low_risk,low_risk
schedule_overrun_pct,linear_regression,0.042737793820626625,-0.017633225883725664,low_risk,low_risk
schedule_overrun_pct,linear_regression,0.004536594364265385,0.01334017580085348,low_risk,low_risk
schedule_overrun_pct,linear_regression,-0.10397200770146311,-0.08546199128596904,low_risk,low_risk
schedule_overrun_pct,linear_regression,-0.12115150652470667,-0.15523643679621832,low_risk,low_risk
schedule_overrun_pct,linear_regression,0.1058975151000575,0.04894429981195082,moderate_risk,low_risk
schedule_overrun_pct,linear_regression,-0.05631259060841979,-0.031410105616502704,low_risk,low_risk
schedule_overrun_pct,linear_regression,-0.17999999999999988,-0.16194481947661732,low_risk,low_risk
schedule_overrun_pct,linear_regression,-0.11995130963521576,-0.10299002179668607,low_risk,low_risk
schedule_overrun_pct,linear_regression,-0.11828405215021864,-0.07450758199982314,low_risk,low_risk
schedule_overrun_pct,linear_regression,0.007146755578177196,-0.008910023156972802,low_risk,low_risk
schedule_overrun_pct,linear_regression,0.03811009845678012,0.04669015972891152,low_risk,low_risk
schedule_overrun_pct,linear_regression,-0.006399328318126142,0.003573335724497379,low_risk,low_risk
schedule_overrun_pct,linear_regression,-0.016882159330040634,0.014540687631690589,low_risk,low_risk
schedule_overrun_pct,linear_regression,-0.016539987039619092,0.003840790682860435,low_risk,low_risk
schedule_overrun_pct,linear_regression,-0.13840071326391487,-0.14075899232678096,low_risk,low_risk
schedule_overrun_pct,linear_regression,-0.033565270063702385,-0.009812078665010125,low_risk,low_risk
schedule_overrun_pct,linear_regression,0.03794241614320918,-0.016550563201444955,low_risk,low_risk
schedule_overrun_pct,linear_regression,-0.04339071876258897,-0.020480553618820573,low_risk,low_risk
schedule_overrun_pct,linear_regression,-0.02992089152242345,-0.053088936571471665,low_risk,low_risk
schedule_overrun_pct,linear_regression,0.03571787846750654,0.04939990682164147,low_risk,low_risk
schedule_overrun_pct,linear_regression,-0.13270360497012806,-0.10033876597591523,low_risk,low_risk
schedule_overrun_pct,linear_regression,-0.01407905645379131,0.003155638409453352,low_risk,low_risk
schedule_overrun_pct,linear_regression,-0.11224585978035172,-0.07035331152271553,low_risk,low_risk
schedule_overrun_pct,linear_regression,-0.06426689126523288,-0.045119589799359275,low_risk,low_risk
schedule_overrun_pct,linear_regression,-0.03728905848130261,-0.005657848637265591,low_risk,low_risk
schedule_overrun_pct,linear_regression,-0.037160486279999544,-0.052575939222207116,low_risk,low_risk
schedule_overrun_pct,linear_regression,-0.05211536378857581,-0.018519199800786746,low_risk,low_risk
schedule_overrun_pct,linear_regression,-0.04321133175831509,-0.09013371569883523,low_risk,low_risk
schedule_overrun_pct,linear_regression,0.04305330958273387,0.04711775492768486,low_risk,low_risk
schedule_overrun_pct,linear_regression,-0.05025385273365115,-0.013442857513689555,low_risk,low_risk
schedule_overrun_pct,linear_regression,0.00625780593801674,0.015769910599571238,low_risk,low_risk
schedule_overrun_pct,linear_regression,-0.02157070302708628,0.0026117327109655645,low_risk,low_risk
schedule_overrun_pct,linear_regression,-0.0723037104939277,-0.05892594310220767,low_risk,low_risk
schedule_overrun_pct,linear_regression,-0.07771873435105099,-0.08280341166407156,low_risk,low_risk
schedule_overrun_pct,linear_regression,-0.1588535005745111,-0.08235158933832301,low_risk,low_risk
schedule_overrun_pct,linear_regression,0.006147942751500298,-0.009411106671325446,low_risk,low_risk
schedule_overrun_pct,linear_regression,-0.1799999999999999,-0.18320330041900712,low_risk,low_risk
schedule_overrun_pct,linear_regression,0.05241305617506955,0.016651476857896037,moderate_risk,low_risk
schedule_overrun_pct,linear_regression,-0.18,-0.17414554028517,low_risk,low_risk
schedule_overrun_pct,linear_regression,-0.07887893224639982,-0.07387876431592295,low_risk,low_risk
schedule_overrun_pct,linear_regression,-0.0863835680724745,-0.051581472882005305,low_risk,low_risk
schedule_overrun_pct,linear_regression,0.011137440238585561,0.027807661091452555,low_risk,low_risk
schedule_overrun_pct,linear_regression,-0.1359064127953556,-0.11473035303728485,low_risk,low_risk
schedule_overrun_pct,linear_regression,0.04922014513621856,0.0035871020123962767,low_risk,low_risk
schedule_overrun_pct,linear_regression,-0.0003173301554378727,0.031555387954547376,low_risk,low_risk
schedule_overrun_pct,linear_regression,0.016755774840291955,-0.08046394426677839,low_risk,low_risk
schedule_overrun_pct,linear_regression,0.03284434973160269,-0.015541409818985292,low_risk,low_risk
schedule_overrun_pct,linear_regression,-0.0920887197777536,-0.14805832575411848,low_risk,low_risk
schedule_overrun_pct,linear_regression,0.0005061947576509743,-0.03351145428124741,low_risk,low_risk
schedule_overrun_pct,linear_regression,-0.034723290297131074,-0.0006467732628884226,low_risk,low_risk
schedule_overrun_pct,linear_regression,-0.000995469361142226,-0.011230572085072037,low_risk,low_risk
schedule_overrun_pct,linear_regression,-0.00698340052677286,0.011171814073154835,low_risk,low_risk
schedule_overrun_pct,linear_regression,-0.08078562803717075,-0.07259009975564126,low_risk,low_risk
schedule_overrun_pct,linear_regression,-0.032008463598797596,0.0005949697469490242,low_risk,low_risk
schedule_overrun_pct,linear_regression,-0.03673649507713627,-0.015556149536386555,low_risk,low_risk
schedule_overrun_pct,linear_regression,-0.09596199361048413,-0.05717827906041777,low_risk,low_risk
schedule_overrun_pct,linear_regression,-0.05473907629667502,-0.06778125906414365,low_risk,low_risk
schedule_overrun_pct,linear_regression,-0.09749776434096248,-0.1342219825837832,low_risk,low_risk
schedule_overrun_pct,linear_regression,0.022447469312006512,0.0327210750000385,low_risk,low_risk
schedule_overrun_pct,linear_regression,-0.03207562353546239,-0.004372014216818817,low_risk,low_risk
schedule_overrun_pct,linear_regression,-0.1767852629678204,-0.11031690538893044,low_risk,low_risk
schedule_overrun_pct,linear_regression,-0.0648178302739248,-0.1267671746325609,low_risk,low_risk
schedule_overrun_pct,linear_regression,0.02427910772902966,0.06924340315087862,low_risk,moderate_risk
schedule_overrun_pct,linear_regression,0.0757081178944456,0.08886676594921758,moderate_risk,moderate_risk
schedule_overrun_pct,linear_regression,0.19143007985130087,0.13145064934393458,high_risk,moderate_risk
schedule_overrun_pct,linear_regression,0.06033765376191067,0.11672349669522739,moderate_risk,moderate_risk
schedule_overrun_pct,linear_regression,0.013636928532274592,0.08311926262247463,low_risk,moderate_risk
schedule_overrun_pct,linear_regression,0.050725250157851925,0.06710129508013231,moderate_risk,moderate_risk
schedule_overrun_pct,linear_regression,0.06930168771768434,0.05357183220177028,moderate_risk,moderate_risk
schedule_overrun_pct,linear_regression,0.010599822791377883,0.05098672245593841,low_risk,moderate_risk
schedule_overrun_pct,linear_regression,0.16857039203378973,0.08664806562887288,high_risk,moderate_risk
schedule_overrun_pct,linear_regression,0.12489253405728325,0.13508428288086902,moderate_risk,moderate_risk
schedule_overrun_pct,linear_regression,0.044452610828315406,0.10534595886570723,low_risk,moderate_risk
schedule_overrun_pct,linear_regression,0.019068316059757746,0.08672688192970854,low_risk,moderate_risk
schedule_overrun_pct,linear_regression,0.10094307369716905,0.10168534444913674,moderate_risk,moderate_risk
schedule_overrun_pct,linear_regression,0.034795691635361115,0.07170236913269147,low_risk,moderate_risk
schedule_overrun_pct,linear_regression,0.052452142340483676,0.07244620629111356,moderate_risk,moderate_risk
schedule_overrun_pct,linear_regression,0.14836761933942358,0.14166641555959933,moderate_risk,moderate_risk
schedule_overrun_pct,linear_regression,0.04467366159910107,0.08181506633757386,low_risk,moderate_risk
schedule_overrun_pct,linear_regression,0.0700659405855574,0.06528674752389571,moderate_risk,moderate_risk
schedule_overrun_pct,linear_regression,0.05841317705519738,0.105956410496099,moderate_risk,moderate_risk
schedule_overrun_pct,linear_regression,0.06610518192123134,0.05008491519160509,moderate_risk,moderate_risk
schedule_overrun_pct,linear_regression,0.06976355911032481,0.07179166343278065,moderate_risk,moderate_risk
schedule_overrun_pct,linear_regression,0.030439369933849162,0.058314686980106,low_risk,moderate_risk
schedule_overrun_pct,linear_regression,0.03490752224235235,0.06302572603651488,low_risk,moderate_risk
schedule_overrun_pct,linear_regression,0.14395652455292818,0.10938787133979247,moderate_risk,moderate_risk
schedule_overrun_pct,linear_regression,0.05172494953048528,0.05724881093980476,moderate_risk,moderate_risk
schedule_overrun_pct,linear_regression,0.07179743555426323,0.057684618657785625,moderate_risk,moderate_risk
schedule_overrun_pct,linear_regression,0.12831781913472728,0.12149776390604725,moderate_risk,moderate_risk
schedule_overrun_pct,linear_regression,0.03823815738223959,0.09089200582844371,low_risk,moderate_risk
schedule_overrun_pct,linear_regression,0.11737144974388418,0.11009790017099566,moderate_risk,moderate_risk
schedule_overrun_pct,linear_regression,0.07996430563057237,0.09202552292377222,moderate_risk,moderate_risk
schedule_overrun_pct,linear_regression,0.10216901576544671,0.08083631610536529,moderate_risk,moderate_risk
schedule_overrun_pct,linear_regression,0.2020243079299992,0.13356573354229245,high_risk,moderate_risk
schedule_overrun_pct,linear_regression,0.052570372430631486,0.053298045523754264,moderate_risk,moderate_risk
schedule_overrun_pct,linear_regression,0.10310351449207025,0.10614479914762913,moderate_risk,moderate_risk
schedule_overrun_pct,linear_regression,0.08864576522645776,0.0954148272436852,moderate_risk,moderate_risk
schedule_overrun_pct,linear_regression,0.08595968557371522,0.11788408337627823,moderate_risk,moderate_risk
schedule_overrun_pct,linear_regression,0.12569565119498985,0.09076045440365313,moderate_risk,moderate_risk
schedule_overrun_pct,linear_regression,0.04953305115279656,0.07707244818566439,low_risk,moderate_risk
schedule_overrun_pct,linear_regression,0.029538542805995764,0.09781229444282653,low_risk,moderate_risk
schedule_overrun_pct,linear_regression,0.003768040277388301,0.051179842143988796,low_risk,moderate_risk
schedule_overrun_pct,linear_regression,0.07518294015334391,0.08452017374131542,moderate_risk,moderate_risk
schedule_overrun_pct,linear_regression,0.0963308962139436,0.067294198217211,moderate_risk,moderate_risk
schedule_overrun_pct,linear_regression,0.09999946538036758,0.09820030114652448,moderate_risk,moderate_risk
schedule_overrun_pct,linear_regression,0.08047338524534943,0.09332731298264896,moderate_risk,moderate_risk
schedule_overrun_pct,linear_regression,0.07516932609061104,0.08281667225728745,moderate_risk,moderate_risk
schedule_overrun_pct,linear_regression,0.016965071549463567,0.07067291924002272,low_risk,moderate_risk
schedule_overrun_pct,linear_regression,0.12282088666116261,0.06536119066512944,moderate_risk,moderate_risk
schedule_overrun_pct,linear_regression,0.06011130002753174,0.08558043295452336,moderate_risk,moderate_risk
schedule_overrun_pct,linear_regression,0.08082250380058324,0.06343494622781747,moderate_risk,moderate_risk
schedule_overrun_pct,linear_regression,0.07520249068321072,0.08305076927287386,moderate_risk,moderate_risk
schedule_overrun_pct,linear_regression,0.1310592171125284,0.1336193008866544,moderate_risk,moderate_risk
schedule_overrun_pct,linear_regression,0.06792524984974588,0.09820993578660484,moderate_risk,moderate_risk
schedule_overrun_pct,linear_regression,0.09890429641378493,0.12708454823506343,moderate_risk,moderate_risk
schedule_overrun_pct,linear_regression,0.08997662981669724,0.061564768672407844,moderate_risk,moderate_risk
schedule_overrun_pct,linear_regression,0.14275166263373193,0.07021391218350884,moderate_risk,moderate_risk
schedule_overrun_pct,linear_regression,0.041450006416623136,0.08264745852377528,low_risk,moderate_risk
schedule_overrun_pct,linear_regression,0.09925502710244846,0.091023545740857,moderate_risk,moderate_risk
schedule_overrun_pct,linear_regression,0.03907726339728492,0.0714917826236267,low_risk,moderate_risk
schedule_overrun_pct,linear_regression,0.1025813348431651,0.10232497311439825,moderate_risk,moderate_risk
schedule_overrun_pct,linear_regression,0.0413898177155137,0.07628240632988517,low_risk,moderate_risk
schedule_overrun_pct,linear_regression,0.08199926370473289,0.0859741305961765,moderate_risk,moderate_risk
schedule_overrun_pct,linear_regression,0.06735442967649684,0.07950325910971312,moderate_risk,moderate_risk
schedule_overrun_pct,linear_regression,0.042681974459749555,0.07545147982120087,low_risk,moderate_risk
schedule_overrun_pct,linear_regression,0.19202577957281886,0.11972634278196978,high_risk,moderate_risk
schedule_overrun_pct,linear_regression,0.1542468449361363,0.12234438227299604,high_risk,moderate_risk
schedule_overrun_pct,linear_regression,0.08719832599952201,0.07662380411710343,moderate_risk,moderate_risk
schedule_overrun_pct,linear_regression,0.03614985626263259,0.07677569419639779,low_risk,moderate_risk
schedule_overrun_pct,linear_regression,0.07658795078641395,0.1006048232435537,moderate_risk,moderate_risk
schedule_overrun_pct,linear_regression,0.12001565408251987,0.0778955380687839,moderate_risk,moderate_risk
schedule_overrun_pct,linear_regression,0.08696033250935895,0.052513876347939664,moderate_risk,moderate_risk
schedule_overrun_pct,linear_regression,0.057345889307041084,0.07831524280700132,moderate_risk,moderate_risk
schedule_overrun_pct,linear_regression,0.173206654742068,0.11194310841696689,high_risk,moderate_risk
schedule_overrun_pct,linear_regression,0.10796794626453846,0.1182517068461349,moderate_risk,moderate_risk
schedule_overrun_pct,linear_regression,0.11152741550983004,0.05849091668388809,moderate_risk,moderate_risk
schedule_overrun_pct,linear_regression,0.17138631802474097,0.10975745455044884,high_risk,moderate_risk
schedule_overrun_pct,linear_regression,0.06013963520683235,0.09329087934036714,moderate_risk,moderate_risk
schedule_overrun_pct,linear_regression,0.10940165553309118,0.10479025985609275,moderate_risk,moderate_risk
schedule_overrun_pct,linear_regression,0.1540369640419494,0.10192753586705389,high_risk,moderate_risk
schedule_overrun_pct,linear_regression,0.04961159990799808,0.05879564631705038,low_risk,moderate_risk
schedule_overrun_pct,linear_regression,0.17217007676983007,0.1454621837077164,high_risk,moderate_risk
schedule_overrun_pct,linear_regression,0.03602987385599204,0.06519185392305576,low_risk,moderate_risk
schedule_overrun_pct,linear_regression,0.09203213535698086,0.07497900464706532,moderate_risk,moderate_risk
schedule_overrun_pct,linear_regression,0.12463049880472897,0.1456821401204745,moderate_risk,moderate_risk
schedule_overrun_pct,linear_regression,0.10094270079211065,0.0973987728417862,moderate_risk,moderate_risk
schedule_overrun_pct,linear_regression,0.035276967569804446,0.09089520200214674,low_risk,moderate_risk
schedule_overrun_pct,linear_regression,0.17008298760950674,0.14182883414205438,high_risk,moderate_risk
schedule_overrun_pct,linear_regression,0.11607356126400036,0.08772026934098148,moderate_risk,moderate_risk
schedule_overrun_pct,linear_regression,0.05910274302173056,0.07136322875936268,moderate_risk,moderate_risk
schedule_overrun_pct,linear_regression,0.027655244863726676,0.057472676337663536,low_risk,moderate_risk
schedule_overrun_pct,linear_regression,0.05078053405972975,0.07518405674027306,moderate_risk,moderate_risk
schedule_overrun_pct,linear_regression,0.15437450614266526,0.10899463245833754,high_risk,moderate_risk
schedule_overrun_pct,linear_regression,0.04945700969719462,0.058522969507500786,low_risk,moderate_risk
schedule_overrun_pct,linear_regression,0.11433401090829237,0.08490899455162537,moderate_risk,moderate_risk
